time;cc;earfcn;pci;rsrp;pl;cfo;pci_neigh;rsrp_neigh;cfo_neigh;dl_mcs;dl_snr;dl_turbo;dl_brate;dl_bler;ul_ta;distance_km;speed_kmph;ul_mcs;ul_buff;ul_brate;ul_bler;rf_o;rf_u;rf_l;is_attached;proc_rmem;proc_rmem_kB;proc_vmem_kB;sys_mem;sys_load;thread_count;cpu_0;cpu_1;cpu_2;cpu_3;cpu_4;cpu_5;cpu_6;cpu_7;cpu_8;cpu_9;cpu_10;cpu_11;cpu_12;cpu_13;cpu_14;cpu_15
499;0;3350;1;-67;67;3132.527588;n/a;n/a;n/a;2.0;24;1.0;352;0;0.0;0.0;0.0;0.0;0.0;0.0;0.0;0.0;0.0;0.0;0.0;6.6;932116;1748628;46;3.3;22;30;16;12;9.8;12;0.0;20;12;20;0.0;16;24;3.8;18;18;3.8
998;0;3350;1;-67;67;3115.054932;n/a;n/a;n/a;2.9;23;1.0;4416.000000;0;0.52;0.078;0.0;22;0.0;43984.000000;0;0.0;0.0;0.0;1.0;6.6;933960;1947124;47;5.9;22;22;32;16;5.8;28;0.0;16;28;24;14;22;26;28;26;22;9.8
1497;0;3350;1;-67;67;3113.621826;n/a;n/a;n/a;0.0;21;0.0;0.0;0.0;0.52;0.078;0.0;0.0;0.0;0.0;0.0;0.0;0.0;0.0;1.0;6.6;933960;1947124;47;6.1;22;20;32;8.0;12;30;4.0;16;28;20;2.0;16;24;16;26;16;14
1996;0;3350;1;-67;67;3113.129150;n/a;n/a;n/a;0.0;21;0.0;0.0;0.0;0.52;0.078;0.0;0.0;0.0;0.0;0.0;0.0;0.0;0.0;1.0;6.6;933960;1947124;47;6.1;22;24;32;4.0;6.0;30;2.0;14;30;22;12;16;26;18;30;22;6.0
2495;0;3350;1;-67;67;3111.403809;n/a;n/a;n/a;0.0;20;0.0;0.0;0.0;0.52;0.078;0.0;0.0;0.0;0.0;0.0;0.0;0.0;0.0;1.0;6.6;933960;1947124;47;6.1;22;20;32;3.8;1.8;30;0.0;16;28;20;3.8;20;24;18;26;18;18
2994;0;3350;1;-67;67;3114.617188;n/a;n/a;n/a;0.0;20;0.0;0.0;0.0;0.52;0.078;0.0;0.0;0.0;0.0;0.0;0.0;0.0;0.0;1.0;6.6;933960;2012660;47;6.3;22;22;32;5.8;1.8;30;1.8;14;28;26;12;20;26;22;30;24;9.8
3493;0;3350;1;-67;67;3118.888672;n/a;n/a;n/a;0.0;22;0.0;0.0;0.0;0.52;0.078;0.0;0.0;0.0;0.0;0.0;0.0;0.0;0.0;1.0;6.6;933960;2012660;47;6.1;22;20;32;10;2.0;30;10;16;28;22;20;20;26;20;24;18;2.0
3992;0;3350;1;-67;67;3117.107910;n/a;n/a;n/a;0.0;22;0.0;0.0;0.0;0.52;0.078;0.0;0.0;0.0;0.0;0.0;0.0;0.0;0.0;1.0;6.6;933960;2012660;47;6.1;22;20;32;7.8;9.8;30;1.8;16;28;22;16;16;24;16;24;16;1.8
4491;0;3350;1;-67;67;3114.859131;n/a;n/a;n/a;0.0;21;0.0;0.0;0.0;0.52;0.078;0.0;0.0;0.0;0.0;0.0;0.0;0.0;0.0;1.0;6.6;933960;2012660;47;6.2;22;20;32;10;10;32;16;16;30;24;14;18;24;20;24;20;4.0
4990;0;3350;1;-67;67;3115.655029;n/a;n/a;n/a;0.0;22;0.0;0.0;0.0;0.52;0.078;0.0;0.0;0.0;0.0;0.0;0.0;0.0;0.0;1.0;6.6;933960;2012660;47;5.9;22;18;32;14;18;30;2.0;12;28;20;0.0;16;24;16;22;16;0.0
5489;0;3350;1;-67;67;3118.105713;n/a;n/a;n/a;0.0;21;0.0;0.0;0.0;0.52;0.078;0.0;0.0;0.0;0.0;0.0;0.0;0.0;0.0;1.0;6.6;933960;2012660;47;5.9;22;20;32;14;20;28;0.0;14;28;20;0.0;14;26;20;22;16;0.0
5988;0;3350;1;-67;67;3115.256592;n/a;n/a;n/a;0.0;22;0.0;0.0;0.0;0.52;0.078;0.0;0.0;0.0;0.0;0.0;0.0;0.0;0.0;1.0;6.6;933960;2012660;47;6.0;22;18;32;14;18;30;0.0;14;26;20;0.0;14;24;16;24;16;0.0
6487;0;3350;1;-67;67;3113.619141;n/a;n/a;n/a;0.0;21;0.0;0.0;0.0;0.52;0.078;0.0;0.0;0.0;0.0;0.0;0.0;0.0;0.0;1.0;6.6;933960;2012660;47;5.9;22;18;32;14;14;28;0.0;14;28;20;1.8;18;24;16;24;16;0.0
6986;0;3350;1;-67;67;3115.247559;n/a;n/a;n/a;8.8;21;1.0;2384.000000;0;0.52;0.078;0.0;22;0.0;16544.000000;0;0.0;0.0;0.0;1.0;6.7;942144;2086392;47;6.2;23;20;32;16;12;30;4.0;16;30;22;4.0;16;24;16;24;16;0.0
7485;0;3350;1;-67;67;3116.421387;n/a;n/a;n/a;0.0;21;0.0;0.0;0.0;0.52;0.078;0.0;0.0;0.0;0.0;0.0;0.0;0.0;0.0;1.0;6.7;942144;2086392;47;6.0;23;22;32;3.8;14;30;3.8;14;28;20;14;14;24;16;22;16;1.8
7984;0;3350;1;-67;67;3117.860840;n/a;n/a;n/a;0.0;20;0.0;0.0;0.0;0.52;0.078;0.0;0.0;0.0;0.0;0.0;0.0;0.0;0.0;1.0;6.7;942144;2086392;47;5.9;23;18;32;14;3.8;30;0.0;14;28;20;14;16;24;16;24;14;0.0
8483;0;3350;1;-67;67;3112.546875;n/a;n/a;n/a;0.0;21;0.0;0.0;0.0;0.52;0.078;0.0;0.0;0.0;0.0;0.0;0.0;0.0;0.0;1.0;6.7;942144;2086392;47;5.9;23;20;32;2.0;16;28;0.0;18;28;22;14;14;26;16;20;18;0.0
8982;0;3350;1;-67;67;3120.042236;n/a;n/a;n/a;0.0;21;0.0;0.0;0.0;0.52;0.078;0.0;0.0;0.0;0.0;0.0;0.0;0.0;0.0;1.0;6.7;942144;2086392;47;5.9;23;18;32;1.8;18;30;0.0;14;26;20;14;16;24;16;24;16;0.0
9481;0;3350;1;-67;67;3117.729980;n/a;n/a;n/a;0.0;20;0.0;0.0;0.0;0.52;0.078;0.0;0.0;0.0;0.0;0.0;0.0;0.0;0.0;1.0;6.7;942144;2086392;47;6.0;23;20;32;10;8.0;28;0.0;12;28;22;16;16;24;18;22;18;2.0
9980;0;3350;1;-67;67;3109.753174;n/a;n/a;n/a;0.0;20;0.0;0.0;0.0;0.52;0.078;0.0;0.0;0.0;0.0;0.0;0.0;0.0;0.0;1.0;6.7;942144;2086392;47;5.9;23;18;32;5.8;12;30;0.0;12;28;20;9.8;16;24;18;24;16;3.8
10479;0;3350;1;-67;67;3114.932129;n/a;n/a;n/a;0.0;21;0.0;0.0;0.0;0.52;0.078;0.0;0.0;0.0;0.0;0.0;0.0;0.0;0.0;1.0;6.7;942144;2086392;47;5.9;23;18;34;14;4.0;28;0.0;14;28;20;0.0;18;24;18;28;16;14
10978;0;3350;1;-67;67;3121.036377;n/a;n/a;n/a;0.0;22;0.0;0.0;0.0;0.52;0.078;0.0;0.0;0.0;0.0;0.0;0.0;0.0;0.0;1.0;6.7;942144;2086392;47;5.9;23;20;32;3.8;14;30;0.0;12;28;22;0.0;22;26;16;24;18;0.0
11477;0;3350;1;-67;67;3112.771240;n/a;n/a;n/a;0.0;22;0.0;0.0;0.0;0.52;0.078;0.0;0.0;0.0;0.0;0.0;0.0;0.0;0.0;1.0;6.7;942144;2086392;47;5.9;23;18;32;12;6.0;28;2.0;14;28;20;6.0;18;24;18;24;20;4.0
11976;0;3350;1;-67;67;3110.749268;n/a;n/a;n/a;0.0;22;0.0;0.0;0.0;0.52;0.078;0.0;0.0;0.0;0.0;0.0;0.0;0.0;0.0;1.0;6.7;942144;2086392;47;5.9;23;18;32;8.0;8.0;30;0.0;12;28;20;14;16;24;16;24;16;2.0
12475;0;3350;1;-67;67;3118.719971;n/a;n/a;n/a;0.0;21;0.0;0.0;0.0;0.52;0.078;0.0;0.0;0.0;0.0;0.0;0.0;0.0;0.0;1.0;6.7;942144;2086392;47;6.0;23;28;24;10;8.0;30;8.0;16;28;22;14;14;24;16;24;16;2.0
12974;0;3350;1;-67;67;3117.097900;n/a;n/a;n/a;0.0;22;0.0;0.0;0.0;0.52;0.078;0.0;0.0;0.0;0.0;0.0;0.0;0.0;0.0;1.0;6.7;942144;2086392;47;6.1;23;32;18;7.8;5.8;30;16;14;28;22;9.8;16;26;16;22;18;0.0
13473;0;3350;1;-67;67;3117.270020;n/a;n/a;n/a;0.0;21;0.0;0.0;0.0;0.52;0.078;0.0;0.0;0.0;0.0;0.0;0.0;0.0;0.0;1.0;6.7;942144;2086392;47;5.9;23;32;18;16;16;30;2.0;14;28;20;0.0;16;24;18;22;16;0.0
13972;0;3350;1;-67;67;3114.459717;n/a;n/a;n/a;0.0;22;0.0;0.0;0.0;0.52;0.078;0.0;0.0;0.0;0.0;0.0;0.0;0.0;0.0;1.0;6.7;942144;2086392;47;6.0;23;32;18;6.0;12;30;14;12;28;18;0.0;14;24;16;24;16;0.0
14471;0;3350;1;-67;67;3115.527100;n/a;n/a;n/a;0.0;22;0.0;0.0;0.0;0.52;0.078;0.0;0.0;0.0;0.0;0.0;0.0;0.0;0.0;1.0;6.7;942144;2086392;47;5.9;23;30;18;8.0;10;32;14;14;28;22;10;14;24;18;24;16;0.0
14970;0;3350;1;-67;67;3117.001465;n/a;n/a;n/a;0.0;22;0.0;0.0;0.0;0.52;0.078;0.0;0.0;0.0;0.0;0.0;0.0;0.0;0.0;1.0;6.7;942144;2086392;47;5.9;23;32;20;12;5.8;30;16;12;28;20;0.0;14;24;14;22;18;1.8
15469;0;3350;1;-67;67;3116.588867;n/a;n/a;n/a;0.0;21;0.0;0.0;0.0;0.52;0.078;0.0;0.0;0.0;0.0;0.0;0.0;0.0;0.0;1.0;6.7;942144;2086392;47;6.1;23;32;18;10;8.0;32;16;14;28;20;2.0;14;24;16;20;18;2.0
15967;0;3350;1;-67;67;3116.310303;n/a;n/a;n/a;0.0;21;0.0;0.0;0.0;0.52;0.078;0.0;0.0;0.0;0.0;0.0;0.0;0.0;0.0;1.0;6.7;942144;2086392;47;6.1;23;32;18;6.0;10;32;20;14;28;18;0.0;16;24;16;22;16;2.0
16465;0;3350;1;-67;67;3116.466064;n/a;n/a;n/a;0.0;21;0.0;0.0;0.0;0.52;0.078;0.0;0.0;0.0;0.0;0.0;0.0;0.0;0.0;1.0;6.7;942144;2086392;47;5.9;23;32;18;14;18;28;2.0;14;28;22;0.0;18;24;18;22;20;0.0
16963;0;3350;1;-67;67;3116.216064;n/a;n/a;n/a;0.0;22;0.0;0.0;0.0;0.52;0.078;0.0;0.0;0.0;0.0;0.0;0.0;0.0;0.0;1.0;6.7;942144;2086392;47;5.9;23;32;18;14;18;30;0.0;14;28;20;0.0;14;26;16;20;16;1.8
17462;0;3350;1;-67;67;3118.206299;n/a;n/a;n/a;0.0;21;0.0;0.0;0.0;0.52;0.078;0.0;0.0;0.0;0.0;0.0;0.0;0.0;0.0;1.0;6.7;942144;2086392;47;6.0;23;32;18;12;9.8;32;9.8;14;28;20;1.8;16;24;18;22;18;0.0
17961;0;3350;1;-67;67;3115.566406;n/a;n/a;n/a;0.0;22;0.0;0.0;0.0;0.52;0.078;0.0;0.0;0.0;0.0;0.0;0.0;0.0;0.0;1.0;6.7;942144;2086392;47;6.0;23;32;20;2.0;4.0;32;20;12;28;20;0.0;16;24;18;22;20;10
18460;0;3350;1;-67;67;3115.181641;n/a;n/a;n/a;0.0;22;0.0;0.0;0.0;0.52;0.078;0.0;0.0;0.0;0.0;0.0;0.0;0.0;0.0;1.0;6.7;942144;2086392;47;6.1;23;32;18;0.0;2.0;30;18;14;28;20;0.0;16;24;16;26;16;14
18958;0;3350;1;-67;67;3115.516602;n/a;n/a;n/a;0.0;23;0.0;0.0;0.0;0.52;0.078;0.0;0.0;0.0;0.0;0.0;0.0;0.0;0.0;1.0;6.7;942144;2086392;47;6.1;23;32;18;5.8;14;32;14;12;28;20;1.8;14;24;16;22;16;3.8
19456;0;3350;1;-67;67;3113.631836;n/a;n/a;n/a;0.0;22;0.0;0.0;0.0;0.52;0.078;0.0;0.0;0.0;0.0;0.0;0.0;0.0;0.0;1.0;6.7;942144;2086392;47;5.9;23;32;18;14;3.8;30;3.8;14;28;20;1.8;18;26;20;22;18;3.8
19955;0;3350;1;-67;67;3120.709961;n/a;n/a;n/a;0.0;22;0.0;0.0;0.0;0.52;0.078;0.0;0.0;0.0;0.0;0.0;0.0;0.0;0.0;1.0;6.7;942144;2086392;47;5.9;23;32;18;4.0;12;30;0.0;12;28;20;2.0;14;24;16;24;16;16
20453;0;3350;1;-67;67;3117.874756;n/a;n/a;n/a;0.0;22;0.0;0.0;0.0;0.52;0.078;0.0;0.0;0.0;0.0;0.0;0.0;0.0;0.0;1.0;6.7;942144;2086392;47;6.0;23;32;20;0.0;2.0;20;30;12;28;20;2.0;14;24;16;24;16;14
20951;0;3350;1;-67;67;3114.004395;n/a;n/a;n/a;0.0;22;0.0;0.0;0.0;0.52;0.078;0.0;0.0;0.0;0.0;0.0;0.0;0.0;0.0;1.0;6.7;942144;2086392;47;6.1;23;32;18;4.0;2.0;20;30;14;28;20;0.0;16;24;16;24;14;16
21449;0;3350;1;-72;72;3107.574707;n/a;n/a;n/a;0.0;15;0.0;0.0;0.0;0.52;0.078;0.0;0.0;0.0;0.0;0.0;1.0;1.0;42;1.0;6.7;942144;2086392;47;7.3;23;34;18;7.8;5.8;7.8;28;20;34;20;1.8;16;26;22;26;16;14
21947;0;3350;1;-69;69;3141.399170;n/a;n/a;n/a;2.6;19;1.0;4064.073242;0;0.52;0.078;0.0;22;0.0;21931.349609;0;0.0;3.0;6.0;1.0;6.7;944540;2153848;50;7.6;23;32;24;36;28;30;28;26;30;30;36;28;26;26;38;32;20
22445;0;3350;1;-67;67;3118.516602;n/a;n/a;n/a;0.0;21;0.0;0.0;0.0;0.52;0.078;0.0;0.0;0.0;0.0;0.0;0.0;0.0;0.0;1.0;6.7;944540;2153848;50;7.3;23;32;22;18;22;18;32;22;30;24;7.8;22;24;20;36;20;9.8
22943;0;3350;1;-67;67;3120.597900;n/a;n/a;n/a;0.0;22;0.0;0.0;0.0;0.52;0.078;0.0;0.0;0.0;0.0;0.0;0.0;0.0;0.0;1.0;6.7;944540;2153848;50;7.3;23;30;20;16;22;20;30;20;30;24;34;24;28;24;40;22;24
23441;0;3350;1;-73;73;3146.032959;n/a;n/a;n/a;1.9;12;1.0;7073.170898;0;0.52;0.078;0.0;22;0.0;33219.511719;0;1.0;5.0;27;1.0;6.7;944540;2153848;50;9.5;23;34;22;18;14;34;26;30;36;28;20;26;28;30;40;24;22
23939;0;3350;1;-67;67;3120.881592;n/a;n/a;n/a;0.0;23;1.0;112;0;0.52;0.078;0.0;0.0;0.0;8272.000000;0;0.0;0.0;0.0;1.0;6.7;944540;2153848;50;7.0;23;34;22;12;16;22;32;18;30;22;18;24;22;42;32;16;9.8
24438;0;3350;1;-67;67;3121.147949;n/a;n/a;n/a;0.0;23;0.0;0.0;0.0;0.52;0.078;0.0;0.0;0.0;0.0;0.0;0.0;0.0;0.0;1.0;6.7;944540;2153848;52;7.0;23;32;18;24;18;28;10;18;28;24;16;80;32;22;28;24;6.0
24937;0;3350;1;-67;67;3116.720215;6;-61;-442;0.0;11;0.0;0.0;0.0;0.52;0.078;0.0;0.0;0.0;0.0;0.0;0.0;0.0;0.0;1.0;6.7;944540;2153848;52;10;23;42;24;32;28;38;30;28;32;30;24;26;30;40;40;26;28
25436;0;3350;6;-63;63;2922.623779;1;-67;3114.319580;2.0;12;1.0;0.0;0.0;0.0;0.0;0.0;22;13;0.0;0.0;0.0;0.0;0.0;1.0;6.7;944804;2153848;52;8.8;23;30;20;26;32;30;38;24;34;34;28;32;30;32;44;36;34
25935;0;3350;6;-59;59;2538.506104;1;-78;-846;0.0;25;0.0;0.0;0.0;0.0;0.0;0.0;0.0;13;0.0;0.0;0.0;0.0;0.0;1.0;6.7;944804;2153848;52;8.0;23;26;20;24;30;36;28;24;30;28;20;26;28;24;38;32;32
26434;0;3350;6;-59;59;2542.208984;1;-81;-846;0.0;25;0.0;0.0;0.0;0.0;0.0;0.0;0.0;13;0.0;0.0;0.0;0.0;0.0;1.0;6.7;944804;2153848;52;7.9;23;24;20;22;32;34;26;24;30;28;22;26;26;22;40;30;32
26933;0;3350;6;-59;59;2541.736084;1;-81;-845;0.0;24;0.0;0.0;0.0;0.0;0.0;0.0;0.0;13;0.0;0.0;0.0;0.0;0.0;1.0;6.7;944804;2153848;52;8.1;23;24;18;24;32;34;26;24;32;26;20;34;26;20;40;24;34
27432;0;3350;6;-66;66;2609.268555;1;-81;-867;2.0;17;1.0;482;0;0.0;0.0;0.0;0.0;0.0;0.0;0.0;2.0;3.0;54;1.0;6.7;944804;2153848;52;8.1;23;28;24;24;28;30;28;24;36;28;20;32;28;20;40;26;30
27931;0;3350;6;-72;72;3314.901855;1;-81;-752;7.0;5.9;1.0;655;0;0.0;0.0;0.0;0.0;6.0;0.0;0.0;0.0;3.0;2.0;1.0;6.7;944804;2153848;52;7.6;23;28;34;20;20;30;26;24;38;26;20;22;26;20;38;24;30
28429;0;3350;6;-59;59;2529.255127;1;-81;-814;0.0;27;0.0;0.0;0.0;0.0;0.0;0.0;0.0;0.0;0.0;0.0;0.0;0.0;0.0;0.0;6.6;939276;2148184;52;7.3;23;18;34;20;20;32;26;20;30;26;24;26;28;20;42;26;32
28927;0;3350;6;-58;58;2538.968506;1;-81;-814;0.0;27;0.0;0.0;0.0;0.0;0.0;0.0;0.0;0.0;0.0;0.0;0.0;0.0;0.0;0.0;6.6;939276;2148184;52;6.9;23;18;32;20;18;38;24;24;30;28;22;24;26;16;38;26;32
29426;0;3350;6;-59;59;2542.556885;1;-81;-814;0.0;27;0.0;0.0;0.0;0.0;0.0;0.0;0.0;0.0;0.0;0.0;0.0;0.0;0.0;0.0;6.6;939276;2148184;52;7.2;23;20;30;20;24;40;26;24;32;26;20;26;28;20;44;24;32
29925;0;3350;6;-59;59;2541.668457;1;-81;-852;0.0;27;0.0;0.0;0.0;0.0;0.0;0.0;0.0;0.0;0.0;0.0;0.0;0.0;0.0;0.0;6.6;939276;2148184;52;7.0;23;22;32;20;28;30;26;24;30;24;22;22;28;20;40;24;32
30424;0;3350;6;-59;59;2544.664551;1;-81;-852;0.0;27;0.0;0.0;0.0;0.0;0.0;0.0;0.0;0.0;0.0;0.0;0.0;0.0;0.0;0.0;6.6;939276;2148184;52;7.1;23;22;30;18;34;32;26;20;30;32;20;26;26;22;40;28;32
30922;0;3350;6;-59;59;2542.900146;1;-81;-862;0.0;25;0.0;0.0;0.0;0.0;0.0;0.0;0.0;0.0;0.0;0.0;0.0;2.0;7.0;0.0;6.6;939276;2148184;52;6.8;23;24;32;20;20;38;26;26;32;22;20;16;26;18;44;20;30
31421;0;3350;6;-59;59;2544.674072;1;-81;-853;0.0;27;0.0;0.0;0.0;0.0;0.0;0.0;0.0;0.0;0.0;0.0;0.0;0.0;0.0;0.0;6.6;939276;2148184;52;6.1;23;20;30;12;20;34;24;18;30;28;22;24;28;28;38;24;24
31919;0;3350;6;-59;59;2544.451904;1;-81;-853;0.0;27;0.0;0.0;0.0;0.0;0.0;0.0;0.0;0.0;0.0;0.0;0.0;0.0;0.0;0.0;6.6;939276;2148184;52;5.9;23;20;30;16;18;30;26;20;30;26;20;22;26;34;34;24;12
32417;0;3350;6;-59;59;2542.553955;1;-75;-865;0.0;26;0.0;0.0;0.0;0.0;0.0;0.0;0.0;0.0;0.0;0.0;0.0;0.0;0.0;0.0;6.6;939276;2148184;52;6.0;23;24;22;20;30;34;28;24;30;24;20;20;28;16;34;22;30
32915;0;3350;6;-59;59;2544.616699;1;-80;-791;0.0;25;0.0;0.0;0.0;0.0;0.0;0.0;0.0;0.0;0.0;0.0;0.0;0.0;0.0;0.0;6.6;939276;2148184;52;5.8;23;24;22;20;28;32;26;22;30;28;12;24;26;20;40;26;34
33414;0;3350;6;-59;59;2543.653809;1;-82;-809;0.0;27;0.0;0.0;0.0;0.0;0.0;0.0;0.0;0.0;0.0;0.0;0.0;0.0;0.0;0.0;6.6;939276;2148184;52;6.0;23;22;28;18;24;24;34;20;32;24;14;24;28;18;40;26;34
33913;0;3350;6;-59;59;2541.729004;1;-82;-795;0.0;26;0.0;0.0;0.0;0.0;0.0;0.0;0.0;0.0;0.0;0.0;0.0;0.0;0.0;0.0;6.6;939276;2148184;52;5.6;23;20;26;16;26;26;26;18;30;24;14;20;28;18;40;26;32
34412;0;3350;6;-59;59;2543.909668;1;-82;-779;0.0;26;0.0;0.0;0.0;0.0;0.0;0.0;0.0;0.0;0.0;0.0;0.0;0.0;0.0;0.0;6.6;939276;2148184;52;6.0;23;18;24;16;28;28;26;22;28;34;12;20;26;20;38;26;34
34911;0;3350;6;-59;59;2545.206299;1;-82;-813;0.0;27;0.0;0.0;0.0;0.0;0.0;0.0;0.0;0.0;0.0;0.0;0.0;0.0;0.0;0.0;6.6;939276;2148184;52;5.6;23;20;30;16;18;22;26;22;30;26;20;22;26;22;36;24;32
35410;0;3350;6;-59;59;2544.820068;1;-81;-839;0.0;27;0.0;0.0;0.0;0.0;0.0;0.0;0.0;0.0;0.0;0.0;0.0;0.0;0.0;0.0;6.6;939276;2148184;52;6.2;23;20;30;28;18;22;26;20;30;24;18;22;26;20;34;26;32
35908;0;3350;6;-59;59;2545.664795;1;-83;-821;0.0;26;0.0;0.0;0.0;0.0;0.0;0.0;0.0;0.0;0.0;0.0;0.0;0.0;0.0;0.0;6.6;939276;2148184;52;5.8;23;22;32;24;20;26;26;20;30;24;20;20;24;22;32;20;32
36407;0;3350;6;-59;59;2545.372559;1;-82;-833;0.0;26;0.0;0.0;0.0;0.0;0.0;0.0;0.0;0.0;0.0;0.0;0.0;0.0;0.0;0.0;6.6;939276;2148184;52;5.9;23;22;26;32;20;28;30;22;32;24;20;28;26;20;28;22;32
36906;0;3350;6;-59;59;2550.376221;1;-81;-835;0.0;26;0.0;0.0;0.0;0.0;0.0;0.0;0.0;0.0;0.0;0.0;0.0;0.0;0.0;0.0;6.6;939276;2148184;52;5.6;23;22;20;22;20;32;24;22;30;28;22;26;26;22;32;26;32
37405;0;3350;6;-59;59;2541.673828;1;-81;-849;0.0;26;0.0;0.0;0.0;0.0;0.0;0.0;0.0;0.0;0.0;0.0;0.0;0.0;0.0;0.0;6.6;939276;2148184;52;6.0;23;20;18;22;22;32;26;20;32;24;20;20;24;20;32;24;32
37904;0;3350;6;-59;59;2543.354736;1;-82;-872;0.0;26;0.0;0.0;0.0;0.0;0.0;0.0;0.0;0.0;0.0;0.0;0.0;0.0;0.0;0.0;6.6;939276;2148184;52;5.8;23;18;18;18;20;34;26;16;28;22;20;24;26;18;36;22;30
38403;0;3350;6;-59;59;2540.958252;1;-82;-860;0.0;26;0.0;0.0;0.0;0.0;0.0;0.0;0.0;0.0;0.0;0.0;0.0;0.0;0.0;0.0;6.6;939276;2148184;52;6.0;23;20;18;16;18;32;26;20;30;24;24;20;26;20;46;22;32
38902;0;3350;6;-59;59;2548.056885;1;-82;-858;0.0;26;0.0;0.0;0.0;0.0;0.0;0.0;0.0;0.0;0.0;0.0;0.0;0.0;0.0;0.0;6.6;939276;2148184;52;5.9;23;20;18;14;20;34;26;18;30;26;20;22;26;22;38;22;32
39401;0;3350;6;-59;59;2546.618896;1;-81;-869;0.0;26;0.0;0.0;0.0;0.0;0.0;0.0;0.0;0.0;0.0;0.0;0.0;0.0;0.0;0.0;6.6;939276;2148184;52;6.1;23;22;20;20;20;34;26;24;30;24;20;26;28;28;36;24;32
39900;0;3350;6;-59;59;2541.916748;1;-81;-861;0.0;27;0.0;0.0;0.0;0.0;0.0;0.0;0.0;0.0;0.0;0.0;0.0;0.0;0.0;0.0;6.6;939276;2148184;52;6.0;23;24;24;20;22;34;28;20;32;26;22;20;26;22;34;24;32
40399;0;3350;6;-59;59;2547.173340;1;-81;-863;0.0;26;0.0;0.0;0.0;0.0;0.0;0.0;0.0;0.0;0.0;0.0;0.0;0.0;0.0;0.0;6.6;939276;2148184;52;6.1;23;22;22;30;20;30;26;20;30;26;20;20;26;22;36;20;26
40898;0;3350;6;-59;59;2543.479736;1;-81;-863;0.0;27;0.0;0.0;0.0;0.0;0.0;0.0;0.0;0.0;0.0;0.0;0.0;0.0;0.0;0.0;6.6;939276;2148184;52;5.8;23;20;26;24;16;32;26;20;30;22;20;22;24;18;36;18;26
41397;0;3350;6;-59;59;2540.851318;1;-81;-855;0.0;26;0.0;0.0;0.0;0.0;0.0;0.0;0.0;0.0;0.0;0.0;0.0;0.0;0.0;0.0;6.6;939276;2148184;52;6.0;23;22;30;20;14;32;26;22;30;24;20;20;26;22;36;22;34
41896;0;3350;6;-58;58;2545.117920;1;-81;-855;0.0;27;0.0;0.0;0.0;0.0;0.0;0.0;0.0;0.0;0.0;0.0;0.0;0.0;0.0;0.0;6.6;939276;2148184;52;5.6;23;20;26;22;14;34;26;20;32;26;22;24;26;18;28;20;32
42394;0;3350;6;-59;59;2546.430908;1;-81;-855;0.0;26;0.0;0.0;0.0;0.0;0.0;0.0;0.0;0.0;0.0;0.0;0.0;0.0;0.0;0.0;6.6;939276;2148184;52;6.0;23;20;28;22;16;32;26;18;28;24;20;24;26;16;30;28;32
42893;0;3350;6;-59;59;2546.757812;1;-81;-853;0.0;26;0.0;0.0;0.0;0.0;0.0;0.0;0.0;0.0;0.0;0.0;0.0;0.0;0.0;0.0;6.6;939276;2148184;52;5.6;23;20;30;22;16;22;26;20;30;26;20;22;28;20;30;24;32
43391;0;3350;6;-59;59;2543.174316;1;-78;-849;0.0;24;0.0;0.0;0.0;0.0;0.0;0.0;0.0;0.0;0.0;0.0;0.0;0.0;0.0;0.0;6.6;939276;2148184;52;5.9;23;22;24;20;24;32;26;20;30;24;20;24;26;20;32;20;32
43890;0;3350;6;-60;60;2546.201172;1;-80;-834;0.0;25;0.0;0.0;0.0;0.0;0.0;0.0;0.0;0.0;0.0;0.0;0.0;0.0;0.0;0.0;6.6;939276;2148184;52;5.8;23;20;26;22;14;32;26;22;32;24;20;22;24;18;30;24;34
44388;0;3350;6;-59;59;2548.434814;1;-80;-834;0.0;26;0.0;0.0;0.0;0.0;0.0;0.0;0.0;0.0;0.0;0.0;0.0;0.0;0.0;0.0;6.6;939276;2148184;52;5.9;23;20;30;20;16;34;26;18;30;24;20;22;26;26;30;22;30
44887;0;3350;6;-59;59;2545.910156;1;-81;-846;0.0;26;0.0;0.0;0.0;0.0;0.0;0.0;0.0;0.0;0.0;0.0;0.0;0.0;0.0;0.0;6.6;939276;2148184;52;5.6;23;22;26;22;14;34;28;24;30;24;20;22;26;20;32;22;32
45386;0;3350;6;-59;59;2537.697266;1;-81;-844;0.0;26;0.0;0.0;0.0;0.0;0.0;0.0;0.0;0.0;0.0;0.0;0.0;0.0;0.0;0.0;6.6;939276;2148184;52;6.0;23;22;30;20;16;30;24;20;30;24;18;20;26;20;38;22;30
45884;0;3350;6;-59;59;2541.850342;1;-81;-844;0.0;27;0.0;0.0;0.0;0.0;0.0;0.0;0.0;0.0;0.0;0.0;0.0;0.0;0.0;0.0;6.6;939276;2148184;52;5.6;23;20;26;20;18;32;26;16;30;22;18;26;26;16;38;16;32
46382;0;3350;6;-59;59;2543.305420;1;-83;-725;0.0;26;0.0;0.0;0.0;0.0;0.0;0.0;0.0;0.0;0.0;0.0;0.0;0.0;0.0;0.0;6.6;939276;2148184;52;6.0;23;20;28;20;12;32;26;22;30;24;20;22;26;20;36;24;32
46880;0;3350;6;-59;59;2546.519531;1;-81;-860;0.0;25;0.0;0.0;0.0;0.0;0.0;0.0;0.0;0.0;0.0;0.0;0.0;0.0;0.0;0.0;6.6;939276;2148184;52;5.6;23;18;26;20;16;32;24;18;30;24;18;20;24;20;34;22;32
47379;0;3350;6;-58;58;2544.489746;1;-82;-842;0.0;26;0.0;0.0;0.0;0.0;0.0;0.0;0.0;0.0;0.0;0.0;0.0;0.0;0.0;0.0;6.6;939276;2148184;52;6.0;23;20;30;20;16;34;26;18;30;24;20;18;26;20;38;20;32
47877;0;3350;6;-59;59;2544.540527;1;-82;-837;0.0;26;0.0;0.0;0.0;0.0;0.0;0.0;0.0;0.0;0.0;0.0;0.0;0.0;0.0;0.0;6.6;939276;2148184;52;5.8;23;22;20;30;20;26;28;20;30;24;18;22;26;16;36;22;32
48376;0;3350;6;-58;58;2542.397949;1;-82;-863;0.0;26;0.0;0.0;0.0;0.0;0.0;0.0;0.0;0.0;0.0;0.0;0.0;0.0;0.0;0.0;6.6;939276;2148184;52;6.0;23;20;20;26;22;28;26;22;30;24;20;20;24;20;36;22;32
48875;0;3350;6;-59;59;2542.452393;1;-82;-859;0.0;25;0.0;0.0;0.0;0.0;0.0;0.0;0.0;0.0;0.0;0.0;0.0;0.0;0.0;0.0;6.6;939276;2148184;52;5.8;23;22;20;22;22;32;24;20;30;22;18;24;26;14;36;22;32
49374;0;3350;6;-59;59;2544.328369;1;-82;-859;0.0;26;0.0;0.0;0.0;0.0;0.0;0.0;0.0;0.0;0.0;0.0;0.0;0.0;0.0;0.0;6.6;939276;2148184;52;6.0;23;24;20;30;16;34;26;22;30;26;18;22;26;16;36;18;32
49873;0;3350;6;-58;58;2548.645020;1;-82;-859;0.0;26;0.0;0.0;0.0;0.0;0.0;0.0;0.0;0.0;0.0;0.0;0.0;0.0;0.0;0.0;6.6;939276;2148184;52;5.8;23;22;18;30;12;28;26;22;30;24;18;26;26;18;32;22;32
50372;0;3350;6;-59;59;2541.980713;1;-82;-859;0.0;26;0.0;0.0;0.0;0.0;0.0;0.0;0.0;0.0;0.0;0.0;0.0;0.0;0.0;0.0;6.6;939276;2148184;52;6.1;23;20;20;30;12;22;26;22;32;24;20;24;26;26;36;24;32
50871;0;3350;6;-58;58;2541.268799;1;-81;-863;0.0;26;0.0;0.0;0.0;0.0;0.0;0.0;0.0;0.0;0.0;0.0;0.0;0.0;0.0;0.0;6.6;939276;2148184;52;5.9;23;24;18;26;12;32;28;20;30;24;18;20;26;22;38;20;32
51370;0;3350;6;-58;58;2544.014160;1;-81;-863;0.0;26;0.0;0.0;0.0;0.0;0.0;0.0;0.0;0.0;0.0;0.0;0.0;0.0;0.0;0.0;6.6;939276;2148184;53;6.1;23;22;24;28;20;32;26;20;30;24;20;18;24;16;40;20;32
51869;0;3350;6;-58;58;2537.385498;1;-81;-856;0.0;25;0.0;0.0;0.0;0.0;0.0;0.0;0.0;0.0;0.0;0.0;0.0;0.0;0.0;0.0;6.6;939276;2148184;53;5.6;23;18;22;22;12;32;26;16;30;26;20;22;28;18;38;22;32
52367;0;3350;6;-58;58;2540.207764;1;-81;-856;0.0;26;0.0;0.0;0.0;0.0;0.0;0.0;0.0;0.0;0.0;0.0;0.0;0.0;0.0;0.0;6.6;939276;2148184;53;6.0;23;20;20;32;16;32;24;20;30;24;22;22;24;30;36;18;18
52866;0;3350;6;-58;58;2543.022217;1;-81;-861;0.0;26;0.0;0.0;0.0;0.0;0.0;0.0;0.0;0.0;0.0;0.0;0.0;0.0;0.0;0.0;6.6;939276;2148184;53;5.6;23;20;18;26;14;32;26;16;30;26;24;22;26;32;36;20;16
53365;0;3350;6;-58;58;2542.510010;1;-81;-862;0.0;26;0.0;0.0;0.0;0.0;0.0;0.0;0.0;0.0;0.0;0.0;0.0;0.0;0.0;0.0;6.6;939276;2148184;53;6.0;23;22;20;32;12;34;26;20;30;22;24;20;26;18;36;34;14
53864;0;3350;6;-58;58;2543.730225;1;-81;-862;0.0;26;0.0;0.0;0.0;0.0;0.0;0.0;0.0;0.0;0.0;0.0;0.0;0.0;0.0;0.0;6.6;939276;2148184;53;5.6;23;20;18;26;16;32;26;20;30;20;22;24;26;20;36;32;16
54363;0;3350;6;-58;58;2544.416016;1;-81;-838;0.0;26;0.0;0.0;0.0;0.0;0.0;0.0;0.0;0.0;0.0;0.0;0.0;0.0;0.0;0.0;6.6;939276;2148184;53;5.8;23;20;20;24;22;32;26;20;30;30;22;18;24;20;36;34;16
54862;0;3350;6;-58;58;2547.459229;1;-81;-838;0.0;26;0.0;0.0;0.0;0.0;0.0;0.0;0.0;0.0;0.0;0.0;0.0;0.0;0.0;0.0;6.6;939276;2148184;53;5.8;23;20;18;26;12;32;24;18;28;24;22;24;28;18;40;34;18
55361;0;3350;6;-58;58;2544.621582;1;-81;-861;0.0;26;0.0;0.0;0.0;0.0;0.0;0.0;0.0;0.0;0.0;0.0;0.0;0.0;0.0;0.0;6.6;939276;2148184;53;6.0;23;18;18;26;9.8;30;26;18;30;24;26;24;26;20;38;34;18
55860;0;3350;6;-58;58;2543.649414;1;-81;-861;0.0;26;0.0;0.0;0.0;0.0;0.0;0.0;0.0;0.0;0.0;0.0;0.0;0.0;0.0;0.0;6.6;939276;2148184;53;5.6;23;22;20;26;22;34;26;22;30;20;22;20;26;16;34;32;14
56359;0;3350;6;-58;58;2544.321045;1;-81;-861;0.0;26;0.0;0.0;0.0;0.0;0.0;0.0;0.0;0.0;0.0;0.0;0.0;0.0;0.0;0.0;6.6;939276;2148184;53;6.0;23;22;20;20;22;32;24;24;30;22;22;20;26;20;40;32;16
56858;0;3350;6;-58;58;2541.103027;1;-82;-735;0.0;26;0.0;0.0;0.0;0.0;0.0;0.0;0.0;0.0;0.0;0.0;0.0;0.0;0.0;0.0;6.6;939276;2148184;53;5.8;23;22;18;22;16;34;28;26;30;20;22;18;24;26;36;24;14
57357;0;3350;6;-58;58;2545.627441;1;-82;-746;0.0;25;0.0;0.0;0.0;0.0;0.0;0.0;0.0;0.0;0.0;0.0;0.0;0.0;0.0;0.0;6.6;939276;2148184;53;6.3;23;22;20;24;16;28;26;20;32;32;22;22;26;20;42;26;20
57856;0;3350;6;-58;58;2547.974854;1;-81;-851;0.0;25;0.0;0.0;0.0;0.0;0.0;0.0;0.0;0.0;0.0;0.0;0.0;0.0;0.0;0.0;6.6;939276;2148184;53;5.6;23;24;20;22;24;32;26;20;30;32;20;16;26;16;34;22;20
58355;0;3350;6;-58;58;2540.007080;1;-81;-851;0.0;26;0.0;0.0;0.0;0.0;0.0;0.0;0.0;0.0;0.0;0.0;0.0;0.0;0.0;0.0;6.6;939276;2148184;53;6.0;23;20;20;34;18;30;26;22;30;34;18;22;24;18;36;24;16
58854;0;3350;6;-58;58;2541.984131;1;-82;-807;0.0;26;0.0;0.0;0.0;0.0;0.0;0.0;0.0;0.0;0.0;0.0;0.0;0.0;0.0;0.0;6.6;939276;2148184;53;5.8;23;22;18;30;16;32;26;18;30;34;20;20;26;20;34;24;16
59353;0;3350;6;-58;58;2539.855469;1;-82;-807;0.0;26;0.0;0.0;0.0;0.0;0.0;0.0;0.0;0.0;0.0;0.0;0.0;0.0;0.0;0.0;6.6;939276;2148184;53;6.1;23;22;28;24;14;34;26;18;32;34;18;22;28;24;34;24;16
59852;0;3350;6;-57;57;2543.866943;1;-82;-807;0.0;26;0.0;0.0;0.0;0.0;0.0;0.0;0.0;0.0;0.0;0.0;0.0;0.0;0.0;0.0;6.6;939276;2148184;53;5.8;23;22;28;24;18;34;26;24;30;20;32;18;24;16;30;22;16
60351;0;3350;6;-57;57;2548.702148;1;-82;-807;0.0;26;0.0;0.0;0.0;0.0;0.0;0.0;0.0;0.0;0.0;0.0;0.0;0.0;0.0;0.0;6.6;939276;2148184;53;5.9;23;24;24;28;16;32;26;22;30;22;32;20;26;16;34;24;18
60850;0;3350;6;-58;58;2547.749756;1;-82;-824;0.0;25;0.0;0.0;0.0;0.0;0.0;0.0;0.0;0.0;0.0;0.0;0.0;0.0;0.0;0.0;6.6;939276;2148184;53;5.6;23;20;20;24;18;32;26;18;30;20;34;22;26;18;38;22;20
61349;0;3350;6;-59;59;2548.106934;1;-81;-820;0.0;24;0.0;0.0;0.0;0.0;0.0;0.0;0.0;0.0;0.0;0.0;0.0;0.0;0.0;0.0;6.6;939276;2148184;53;5.9;23;22;18;30;18;32;26;22;30;22;32;20;24;22;32;26;18
61848;0;3350;6;-59;59;2545.954590;1;-81;-801;0.0;24;0.0;0.0;0.0;0.0;0.0;0.0;0.0;0.0;0.0;0.0;0.0;0.0;0.0;0.0;6.6;939276;2148184;53;5.8;23;22;18;28;12;32;26;22;30;24;32;18;28;20;30;24;18
62347;0;3350;6;-59;59;2542.666504;1;-81;-818;0.0;24;0.0;0.0;0.0;0.0;0.0;0.0;0.0;0.0;0.0;0.0;0.0;0.0;0.0;0.0;6.6;939276;2148184;53;5.9;23;20;20;32;14;30;26;24;32;20;34;22;26;16;36;24;16
62846;0;3350;6;-59;59;2542.520020;1;-81;-821;0.0;24;0.0;0.0;0.0;0.0;0.0;0.0;0.0;0.0;0.0;0.0;0.0;0.0;0.0;0.0;6.6;939276;2148184;53;5.6;23;20;18;26;12;30;24;22;30;22;32;26;26;20;34;24;18
63345;0;3350;6;-59;59;2544.662109;1;-81;-789;0.0;24;0.0;0.0;0.0;0.0;0.0;0.0;0.0;0.0;0.0;0.0;0.0;0.0;0.0;0.0;6.6;939276;2148184;53;5.9;23;18;18;26;18;32;26;20;30;24;32;26;28;20;32;28;16
63844;0;3350;6;-59;59;2542.866943;1;-81;-790;0.0;24;0.0;0.0;0.0;0.0;0.0;0.0;0.0;0.0;0.0;0.0;0.0;0.0;0.0;0.0;6.6;939276;2148184;53;5.6;23;18;18;18;20;30;24;20;28;24;32;24;26;18;32;26;18
64343;0;3350;6;-59;59;2539.584473;1;-82;-838;0.0;24;0.0;0.0;0.0;0.0;0.0;0.0;0.0;0.0;0.0;0.0;0.0;0.0;0.0;0.0;6.6;939276;2148184;53;5.9;23;26;20;28;16;28;26;20;30;26;32;22;26;18;34;30;20
64842;0;3350;6;-59;59;2539.616455;1;-82;-838;0.0;25;0.0;0.0;0.0;0.0;0.0;0.0;0.0;0.0;0.0;0.0;0.0;0.0;0.0;0.0;6.6;939276;2148184;53;5.6;23;20;20;28;16;32;26;22;32;24;32;18;26;22;30;26;16
65341;0;3350;6;-59;59;2539.949219;1;-82;-838;0.0;25;0.0;0.0;0.0;0.0;0.0;0.0;0.0;0.0;0.0;0.0;0.0;0.0;0.0;0.0;6.6;939276;2148184;53;5.9;23;20;20;18;26;30;26;24;30;22;32;22;24;14;36;22;16
65840;0;3350;6;-59;59;2541.893066;1;-82;-838;0.0;25;0.0;0.0;0.0;0.0;0.0;0.0;0.0;0.0;0.0;0.0;0.0;0.0;0.0;0.0;6.6;939276;2148184;53;5.6;23;20;18;20;18;32;24;22;30;24;32;24;28;20;32;26;18
66339;0;3350;6;-59;59;2544.755615;1;-78;-830;0.0;23;0.0;0.0;0.0;0.0;0.0;0.0;0.0;0.0;0.0;0.0;0.0;0.0;0.0;0.0;6.6;939276;2148184;53;5.9;23;20;18;22;22;28;26;20;30;22;34;24;26;20;36;24;16
66838;0;3350;6;-59;59;2543.634766;1;-80;-840;0.0;24;0.0;0.0;0.0;0.0;0.0;0.0;0.0;0.0;0.0;0.0;0.0;0.0;0.0;0.0;6.6;939276;2148184;53;5.9;23;18;18;22;14;28;26;20;30;24;32;24;28;20;42;28;18
67337;0;3350;6;-59;59;2548.481934;1;-81;-854;0.0;24;0.0;0.0;0.0;0.0;0.0;0.0;0.0;0.0;0.0;0.0;0.0;0.0;0.0;0.0;6.6;939276;2148184;53;6.0;23;18;20;20;12;30;26;22;30;36;30;24;26;20;36;26;18
67836;0;3350;6;-59;59;2543.648682;1;-81;-855;0.0;24;0.0;0.0;0.0;0.0;0.0;0.0;0.0;0.0;0.0;0.0;0.0;0.0;0.0;0.0;6.6;939276;2148184;53;5.9;23;20;18;30;16;22;26;20;30;26;32;24;24;18;34;26;16
68335;0;3350;6;-59;59;2542.537842;1;-82;-820;0.0;25;0.0;0.0;0.0;0.0;0.0;0.0;0.0;0.0;0.0;0.0;0.0;0.0;0.0;0.0;6.6;939276;2148184;53;6.1;23;18;18;30;16;22;26;26;30;20;32;30;26;16;36;22;18
68834;0;3350;6;-59;59;2537.105469;1;-82;-823;0.0;25;0.0;0.0;0.0;0.0;0.0;0.0;0.0;0.0;0.0;0.0;0.0;0.0;0.0;0.0;6.6;939276;2148184;53;5.8;23;20;20;22;16;34;26;24;30;22;32;28;24;10;34;22;18
69333;0;3350;6;-59;59;2538.122314;1;-82;-784;0.0;24;0.0;0.0;0.0;0.0;0.0;0.0;0.0;0.0;0.0;0.0;0.0;0.0;0.0;0.0;6.6;939276;2148184;53;6.0;23;22;20;20;12;30;26;26;32;26;30;32;26;16;36;24;18
69832;0;3350;6;-59;59;2538.790771;1;-82;-858;0.0;24;0.0;0.0;0.0;0.0;0.0;0.0;0.0;0.0;0.0;0.0;0.0;0.0;0.0;0.0;6.6;939276;2148184;53;5.8;23;18;18;18;16;32;26;22;30;22;32;30;26;18;36;24;16
70331;0;3350;6;-59;59;2540.530518;1;-82;-839;0.0;25;0.0;0.0;0.0;0.0;0.0;0.0;0.0;0.0;0.0;0.0;0.0;0.0;0.0;0.0;6.6;939276;2148184;53;6.2;23;16;18;18;16;30;24;22;30;34;20;26;28;24;38;26;20
70830;0;3350;6;-59;59;2543.094971;1;-81;-855;0.0;24;0.0;0.0;0.0;0.0;0.0;0.0;0.0;0.0;0.0;0.0;0.0;0.0;0.0;0.0;6.6;939276;2148184;53;5.8;23;20;18;20;16;32;26;22;30;34;22;22;26;18;42;24;18
71329;0;3350;6;-59;59;2546.357178;1;-81;-821;0.0;25;0.0;0.0;0.0;0.0;0.0;0.0;0.0;0.0;0.0;0.0;0.0;0.0;0.0;0.0;6.6;939276;2148184;53;5.9;23;20;20;18;24;28;28;20;30;32;20;28;26;18;32;26;16
71828;0;3350;6;-59;59;2541.335205;1;-81;-856;0.0;24;0.0;0.0;0.0;0.0;0.0;0.0;0.0;0.0;0.0;0.0;0.0;0.0;0.0;0.0;6.6;939276;2148184;53;5.6;23;18;28;20;20;26;24;22;30;34;20;24;26;20;30;28;18
72327;0;3350;6;-59;59;2535.578369;1;-81;-790;0.0;24;0.0;0.0;0.0;0.0;0.0;0.0;0.0;0.0;0.0;0.0;0.0;0.0;0.0;0.0;6.6;939276;2148184;53;6.0;23;20;30;20;20;30;26;20;30;34;18;22;26;16;36;24;16
72826;0;3350;6;-59;59;2539.389893;1;-81;-840;0.0;24;0.0;0.0;0.0;0.0;0.0;0.0;0.0;0.0;0.0;0.0;0.0;0.0;0.0;0.0;6.6;939276;2148184;53;5.9;23;20;30;20;14;28;26;22;30;34;20;20;26;18;38;26;16
73325;0;3350;6;-59;59;2541.209961;1;-81;-840;0.0;25;0.0;0.0;0.0;0.0;0.0;0.0;0.0;0.0;0.0;0.0;0.0;0.0;0.0;0.0;6.6;939276;2148184;53;5.9;23;22;24;28;16;30;26;22;30;34;20;22;26;18;34;26;14
73824;0;3350;6;-58;58;2543.250000;1;-82;-806;0.0;25;0.0;0.0;0.0;0.0;0.0;0.0;0.0;0.0;0.0;0.0;0.0;0.0;0.0;0.0;6.6;939276;2148184;53;5.8;23;18;18;24;16;32;24;22;30;34;18;22;26;18;34;26;16
74323;0;3350;6;-58;58;2541.451416;1;-82;-806;0.0;25;0.0;0.0;0.0;0.0;0.0;0.0;0.0;0.0;0.0;0.0;0.0;0.0;0.0;0.0;6.6;939276;2148184;53;6.0;23;22;18;28;18;30;26;24;30;32;20;22;26;18;32;24;26
74822;0;3350;6;-58;58;2540.544678;1;-81;-823;0.0;25;0.0;0.0;0.0;0.0;0.0;0.0;0.0;0.0;0.0;0.0;0.0;0.0;0.0;0.0;6.6;939276;2148184;53;5.5;23;18;18;22;16;30;26;26;30;34;18;24;26;18;34;26;14
75321;0;3350;6;-58;58;2540.934082;1;-81;-787;0.0;24;0.0;0.0;0.0;0.0;0.0;0.0;0.0;0.0;0.0;0.0;0.0;0.0;0.0;0.0;6.6;939276;2148184;53;6.1;23;24;18;22;18;32;26;32;30;34;20;18;24;20;36;24;18
75820;0;3350;6;-58;58;2542.378906;1;-81;-787;0.0;25;0.0;0.0;0.0;0.0;0.0;0.0;0.0;0.0;0.0;0.0;0.0;0.0;0.0;0.0;6.6;939276;2148184;53;5.8;23;20;18;20;14;32;28;32;30;32;20;20;26;18;34;24;16
76319;0;3350;6;-58;58;2539.312744;1;-81;-787;0.0;25;0.0;0.0;0.0;0.0;0.0;0.0;0.0;0.0;0.0;0.0;0.0;0.0;0.0;0.0;6.6;939276;2148184;53;6.0;23;24;20;22;18;30;26;30;30;34;20;18;26;16;36;24;16
76818;0;3350;6;-59;59;2536.362061;1;-81;-819;0.0;24;0.0;0.0;0.0;0.0;0.0;0.0;0.0;0.0;0.0;0.0;0.0;0.0;0.0;0.0;6.6;939276;2148184;53;5.8;23;24;20;22;20;34;28;32;30;32;18;16;26;10;34;22;14
77317;0;3350;6;-58;58;2535.608887;1;-81;-828;0.0;24;0.0;0.0;0.0;0.0;0.0;0.0;0.0;0.0;0.0;0.0;0.0;0.0;0.0;0.0;6.6;939276;2148184;53;6.1;23;22;18;18;20;30;28;30;30;32;20;22;26;16;36;24;16
77816;0;3350;6;-58;58;2542.276611;1;-81;-828;0.0;25;0.0;0.0;0.0;0.0;0.0;0.0;0.0;0.0;0.0;0.0;0.0;0.0;0.0;0.0;6.6;939276;2148184;53;5.8;23;22;20;22;20;32;26;28;32;32;20;16;24;16;34;24;16
78315;0;3350;6;-58;58;2547.638428;1;-81;-810;0.0;24;0.0;0.0;0.0;0.0;0.0;0.0;0.0;0.0;0.0;0.0;0.0;0.0;0.0;0.0;6.6;939276;2148184;53;5.9;23;24;22;26;22;34;26;28;30;32;18;18;24;14;34;22;16
78814;0;3350;6;-58;58;2543.576660;1;-81;-833;0.0;24;0.0;0.0;0.0;0.0;0.0;0.0;0.0;0.0;0.0;0.0;0.0;0.0;0.0;0.0;6.6;939276;2148184;53;5.9;23;18;18;26;18;32;26;22;30;32;20;20;26;16;36;24;16
79313;0;3350;6;-58;58;2539.068115;1;-82;-785;0.0;25;0.0;0.0;0.0;0.0;0.0;0.0;0.0;0.0;0.0;0.0;0.0;0.0;0.0;0.0;6.6;939276;2148184;53;6.0;23;24;20;32;22;34;28;26;32;32;18;18;24;14;34;22;18
79812;0;3350;6;-58;58;2539.920166;1;-82;-785;0.0;25;0.0;0.0;0.0;0.0;0.0;0.0;0.0;0.0;0.0;0.0;0.0;0.0;0.0;0.0;6.6;939276;2148184;53;5.6;23;18;18;22;18;30;24;22;30;34;18;18;26;20;36;24;16
80311;0;3350;6;-58;58;2540.012207;1;-82;-785;0.0;25;0.0;0.0;0.0;0.0;0.0;0.0;0.0;0.0;0.0;0.0;0.0;0.0;0.0;0.0;6.6;939276;2148184;53;6.0;23;20;20;30;20;32;28;24;30;32;20;18;26;20;36;22;16
80810;0;3350;6;-58;58;2541.045654;1;-82;-785;0.0;25;0.0;0.0;0.0;0.0;0.0;0.0;0.0;0.0;0.0;0.0;0.0;0.0;0.0;0.0;6.6;939276;2148184;53;5.6;23;20;18;20;22;30;24;22;30;32;18;20;24;18;36;24;16
81309;0;3350;6;-58;58;2537.826172;1;-82;-785;0.0;25;0.0;0.0;0.0;0.0;0.0;0.0;0.0;0.0;0.0;0.0;0.0;0.0;0.0;0.0;6.6;939276;2148184;53;6.1;23;22;30;22;28;26;28;26;32;32;20;16;26;18;34;24;14
81808;0;3350;6;-58;58;2539.368164;1;-82;-785;0.0;25;0.0;0.0;0.0;0.0;0.0;0.0;0.0;0.0;0.0;0.0;0.0;0.0;0.0;0.0;6.6;939276;2148184;53;5.9;23;22;30;18;20;30;24;22;30;32;18;18;26;18;36;22;18
82307;0;3350;6;-58;58;2540.489258;1;-82;-785;0.0;24;0.0;0.0;0.0;0.0;0.0;0.0;0.0;0.0;0.0;0.0;0.0;0.0;0.0;0.0;6.6;939276;2148184;53;6.0;23;20;22;28;22;36;26;24;30;34;20;18;26;20;34;24;16
82806;0;3350;6;-58;58;2540.791504;1;-82;-815;0.0;25;0.0;0.0;0.0;0.0;0.0;0.0;0.0;0.0;0.0;0.0;0.0;0.0;0.0;0.0;6.6;939276;2148184;53;5.9;23;22;18;28;26;26;26;26;32;32;20;16;26;16;34;24;16
83305;0;3350;6;-58;58;2541.641602;1;-82;-815;0.0;25;0.0;0.0;0.0;0.0;0.0;0.0;0.0;0.0;0.0;0.0;0.0;0.0;0.0;0.0;6.6;939276;2148184;53;6.1;23;22;22;26;30;28;26;26;30;32;20;16;26;14;34;22;16
83804;0;3350;6;-58;58;2539.357666;1;-82;-815;0.0;25;0.0;0.0;0.0;0.0;0.0;0.0;0.0;0.0;0.0;0.0;0.0;0.0;0.0;0.0;6.6;939276;2148184;53;5.8;23;22;18;32;18;24;26;26;30;32;18;20;26;14;36;24;16
84303;0;3350;6;-58;58;2537.727295;1;-82;-815;0.0;25;0.0;0.0;0.0;0.0;0.0;0.0;0.0;0.0;0.0;0.0;0.0;0.0;0.0;0.0;6.6;939276;2148184;53;6.1;23;28;20;30;22;26;28;26;32;32;18;18;24;14;34;22;26
84802;0;3350;6;-58;58;2537.737549;1;-82;-815;0.0;25;0.0;0.0;0.0;0.0;0.0;0.0;0.0;0.0;0.0;0.0;0.0;0.0;0.0;0.0;6.6;939276;2148184;53;5.8;23;24;30;24;20;20;32;28;30;32;20;16;26;14;34;24;14
85301;0;3350;6;-58;58;2538.751709;1;-82;-815;0.0;25;0.0;0.0;0.0;0.0;0.0;0.0;0.0;0.0;0.0;0.0;0.0;0.0;0.0;0.0;6.6;939276;2148184;53;6.0;23;22;30;22;18;18;36;22;30;32;18;20;26;18;36;22;18
85800;0;3350;6;-58;58;2537.829834;1;-82;-815;0.0;25;0.0;0.0;0.0;0.0;0.0;0.0;0.0;0.0;0.0;0.0;0.0;0.0;0.0;0.0;6.6;939276;2148184;53;5.9;23;18;28;18;18;16;32;22;30;32;20;22;26;20;36;26;18
86299;0;3350;6;-58;58;2541.776611;1;-82;-815;0.0;25;0.0;0.0;0.0;0.0;0.0;0.0;0.0;0.0;0.0;0.0;0.0;0.0;0.0;0.0;6.6;939276;2148184;53;6.0;23;24;30;24;20;22;26;26;32;32;18;16;24;24;34;26;14
86798;0;3350;6;-58;58;2540.581299;1;-82;-796;0.0;24;0.0;0.0;0.0;0.0;0.0;0.0;0.0;0.0;0.0;0.0;0.0;0.0;0.0;0.0;6.6;939276;2148184;53;5.8;23;20;30;22;18;18;24;24;30;32;20;20;26;16;36;30;18
87297;0;3350;6;-58;58;2540.745117;1;-82;-805;0.0;24;0.0;0.0;0.0;0.0;0.0;0.0;0.0;0.0;0.0;0.0;0.0;0.0;0.0;0.0;6.6;939276;2148184;53;6.1;23;22;32;24;20;18;26;24;32;24;16;20;26;26;36;24;28
87796;0;3350;6;-58;58;2535.075439;1;-82;-823;0.0;25;0.0;0.0;0.0;0.0;0.0;0.0;0.0;0.0;0.0;0.0;0.0;0.0;0.0;0.0;6.6;939276;2148184;53;5.6;23;18;30;18;18;16;24;22;30;22;28;20;26;24;36;28;20
88295;0;3350;6;-58;58;2533.183105;1;-82;-752;0.0;24;0.0;0.0;0.0;0.0;0.0;0.0;0.0;0.0;0.0;0.0;0.0;0.0;0.0;0.0;6.6;939276;2148184;53;6.1;23;24;30;18;20;22;24;22;30;30;22;22;28;20;36;28;20
88794;0;3350;6;-58;58;2537.091797;1;-81;-680;0.0;19;0.0;0.0;0.0;0.0;0.0;0.0;0.0;0.0;0.0;0.0;0.0;0.0;0.0;0.0;6.6;939276;2148184;53;5.8;23;18;30;18;18;24;24;20;30;34;18;22;24;24;34;26;18
89292;0;3350;6;-58;58;2538.871582;1;-81;-604;0.0;19;0.0;0.0;0.0;0.0;0.0;0.0;0.0;0.0;0.0;0.0;0.0;0.0;0.0;0.0;6.6;939276;2148184;53;6.1;23;22;30;24;24;26;26;24;30;34;14;20;26;20;36;26;18
89790;0;3350;6;-58;58;2539.746094;1;-81;-604;0.0;19;0.0;0.0;0.0;0.0;0.0;0.0;0.0;0.0;0.0;0.0;0.0;0.0;0.0;0.0;6.6;939276;2148184;53;5.8;23;24;30;28;28;24;28;28;32;34;8.0;26;26;24;40;28;24
90289;0;3350;6;-58;58;2537.939697;1;-81;-604;0.0;19;0.0;0.0;0.0;0.0;0.0;0.0;0.0;0.0;0.0;0.0;0.0;0.0;0.0;0.0;6.6;939276;2148184;53;6.2;23;22;20;34;28;24;26;26;32;32;14;20;26;20;36;24;16
90788;0;3350;6;-58;58;2540.563232;1;-80;-604;0.0;19;0.0;0.0;0.0;0.0;0.0;0.0;0.0;0.0;0.0;0.0;0.0;0.0;0.0;0.0;6.6;939276;2148184;53;5.9;23;22;20;34;28;18;28;26;32;32;9.8;20;26;20;36;24;16
91287;0;3350;6;-58;58;2546.974365;1;-80;-619;0.0;19;0.0;0.0;0.0;0.0;0.0;0.0;0.0;0.0;0.0;0.0;0.0;0.0;0.0;0.0;6.6;939276;2148184;53;6.4;23;20;18;26;34;18;24;24;30;18;32;22;26;26;38;24;16
91785;0;3350;6;-58;58;2545.530762;1;-80;-619;0.0;19;0.0;0.0;0.0;0.0;0.0;0.0;0.0;0.0;0.0;0.0;0.0;0.0;0.0;0.0;6.6;939276;2148184;53;5.8;23;18;18;24;32;22;24;22;30;18;32;22;26;22;34;24;16
92283;0;3350;6;-58;58;2541.962158;1;-80;-619;0.0;19;0.0;0.0;0.0;0.0;0.0;0.0;0.0;0.0;0.0;0.0;0.0;0.0;0.0;0.0;6.6;939276;2148184;53;6.1;23;20;20;20;32;26;24;22;30;20;32;24;28;22;38;26;16
92782;0;3350;6;-58;58;2539.740234;1;-80;-619;0.0;19;0.0;0.0;0.0;0.0;0.0;0.0;0.0;0.0;0.0;0.0;0.0;0.0;0.0;0.0;6.6;939276;2148184;53;5.9;23;18;18;22;32;24;24;24;32;20;32;24;26;24;34;24;16
93280;0;3350;6;-58;58;2539.433350;1;-80;-594;0.0;19;0.0;0.0;0.0;0.0;0.0;0.0;0.0;0.0;0.0;0.0;0.0;0.0;0.0;0.0;6.6;939276;2148184;53;6.3;23;20;18;28;32;20;26;22;30;26;24;24;26;22;34;26;20
93779;0;3350;6;-58;58;2539.539307;1;-81;-671;0.0;19;0.0;0.0;0.0;0.0;0.0;0.0;0.0;0.0;0.0;0.0;0.0;0.0;0.0;0.0;6.6;939276;2148184;53;5.9;23;20;18;32;32;20;26;26;30;16;30;16;24;22;34;22;14
94278;0;3350;6;-58;58;2538.530273;1;-81;-671;0.0;19;0.0;0.0;0.0;0.0;0.0;0.0;0.0;0.0;0.0;0.0;0.0;0.0;0.0;0.0;6.6;939276;2148184;53;6.1;23;20;20;28;30;26;26;22;30;18;30;20;26;22;34;24;24
94776;0;3350;6;-58;58;2534.957031;1;-81;-568;0.0;19;0.0;0.0;0.0;0.0;0.0;0.0;0.0;0.0;0.0;0.0;0.0;0.0;0.0;0.0;6.6;939276;2148184;53;5.9;23;20;18;22;32;24;24;24;30;20;32;22;26;22;34;24;18
95274;0;3350;6;-58;58;2538.173340;1;-81;-568;0.0;19;0.0;0.0;0.0;0.0;0.0;0.0;0.0;0.0;0.0;0.0;0.0;0.0;0.0;0.0;6.6;939276;2148184;53;6.0;23;18;18;30;32;16;24;22;32;20;32;20;26;24;34;28;16
95773;0;3350;6;-58;58;2534.905029;1;-81;-568;0.0;19;0.0;0.0;0.0;0.0;0.0;0.0;0.0;0.0;0.0;0.0;0.0;0.0;0.0;0.0;6.6;939276;2148184;53;5.9;23;16;18;28;32;18;24;22;30;24;24;24;26;24;36;26;16
96271;0;3350;6;-58;58;2541.854980;1;-80;-542;0.0;19;0.0;0.0;0.0;0.0;0.0;0.0;0.0;0.0;0.0;0.0;0.0;0.0;0.0;0.0;6.6;939276;2148184;53;6.1;23;18;18;30;30;18;24;24;30;18;32;22;26;24;36;24;16
96770;0;3350;6;-58;58;2544.042969;1;-80;-542;0.0;19;0.0;0.0;0.0;0.0;0.0;0.0;0.0;0.0;0.0;0.0;0.0;0.0;0.0;0.0;6.6;939276;2148184;53;5.8;23;24;18;20;32;20;24;22;30;20;32;20;26;22;34;26;14
97268;0;3350;6;-58;58;2541.842041;1;-75;-853;0.0;19;0.0;0.0;0.0;0.0;0.0;0.0;0.0;0.0;0.0;0.0;0.0;0.0;0.0;0.0;6.6;939276;2148184;53;6.1;23;22;20;28;32;28;26;24;30;20;20;20;26;24;36;26;16
97766;0;3350;6;-58;58;2538.475098;1;-78;-612;0.0;19;0.0;0.0;0.0;0.0;0.0;0.0;0.0;0.0;0.0;0.0;0.0;0.0;0.0;0.0;6.6;939276;2148184;53;6.0;23;18;20;26;24;20;26;24;32;22;32;22;26;24;36;24;16
98265;0;3350;6;-58;58;2534.606689;1;-79;-628;0.0;19;0.0;0.0;0.0;0.0;0.0;0.0;0.0;0.0;0.0;0.0;0.0;0.0;0.0;0.0;6.6;939276;2148184;53;6.3;23;18;18;32;20;16;26;22;30;34;32;22;26;16;38;24;18
98764;0;3350;6;-58;58;2535.028320;1;-77;-564;0.0;19;0.0;0.0;0.0;0.0;0.0;0.0;0.0;0.0;0.0;0.0;0.0;0.0;0.0;0.0;6.6;939276;2148184;53;5.8;23;18;18;32;18;16;24;22;30;30;30;24;26;20;34;26;14
99263;0;3350;6;-59;59;2537.493164;1;-78;-653;0.0;19;0.0;0.0;0.0;0.0;0.0;0.0;0.0;0.0;0.0;0.0;0.0;0.0;0.0;0.0;6.6;939276;2148184;53;6.2;23;18;18;30;18;18;24;24;30;28;32;22;26;20;40;26;16
99762;0;3350;6;-59;59;2536.358887;1;-80;-590;0.0;19;0.0;0.0;0.0;0.0;0.0;0.0;0.0;0.0;0.0;0.0;0.0;0.0;0.0;0.0;6.6;939276;2148184;53;6.0;23;20;20;30;22;16;26;24;30;22;32;22;26;16;40;24;18
100261;0;3350;6;-59;59;2534.908203;1;-80;-654;0.0;19;0.0;0.0;0.0;0.0;0.0;0.0;0.0;0.0;0.0;0.0;0.0;0.0;0.0;0.0;6.6;939276;2148184;53;6.0;23;18;18;32;30;20;24;26;30;22;32;26;26;16;36;24;18
100760;0;3350;6;-59;59;2536.849365;1;-80;-654;0.0;19;0.0;0.0;0.0;0.0;0.0;0.0;0.0;0.0;0.0;0.0;0.0;0.0;0.0;0.0;6.6;939276;2148184;53;5.9;23;20;18;30;30;18;26;24;32;24;32;18;26;18;34;26;16
101259;0;3350;6;-59;59;2539.011475;1;-80;-654;0.0;19;0.0;0.0;0.0;0.0;0.0;0.0;0.0;0.0;0.0;0.0;0.0;0.0;0.0;0.0;6.6;939276;2148184;53;6.1;23;22;20;34;30;18;26;24;30;20;32;16;26;18;36;22;14
101758;0;3350;6;-59;59;2534.119873;1;-80;-590;0.0;19;0.0;0.0;0.0;0.0;0.0;0.0;0.0;0.0;0.0;0.0;0.0;0.0;0.0;0.0;6.6;939276;2148184;53;5.8;23;20;20;34;24;22;24;24;32;22;32;20;24;16;36;24;16
102257;0;3350;6;-59;59;2533.565674;1;-80;-590;0.0;19;0.0;0.0;0.0;0.0;0.0;0.0;0.0;0.0;0.0;0.0;0.0;0.0;0.0;0.0;6.6;939276;2148184;53;6.0;23;18;18;30;20;22;24;22;30;24;32;20;28;18;40;26;14
102756;0;3350;6;-59;59;2538.632812;1;-80;-590;0.0;19;0.0;0.0;0.0;0.0;0.0;0.0;0.0;0.0;0.0;0.0;0.0;0.0;0.0;0.0;6.6;939276;2148184;53;6.0;23;20;20;32;18;18;26;24;30;30;26;20;26;18;42;24;16
103255;0;3350;6;-59;59;2541.792969;1;-80;-590;0.0;19;0.0;0.0;0.0;0.0;0.0;0.0;0.0;0.0;0.0;0.0;0.0;0.0;0.0;0.0;6.6;939276;2148184;53;6.1;23;18;18;32;18;18;24;26;32;34;18;20;26;18;40;32;16
103754;0;3350;6;-58;58;2541.679932;1;-80;-514;0.0;19;0.0;0.0;0.0;0.0;0.0;0.0;0.0;0.0;0.0;0.0;0.0;0.0;0.0;0.0;6.6;939276;2148184;53;6.0;23;18;18;32;20;20;26;26;30;32;18;20;24;18;40;24;16
104253;0;3350;6;-59;59;2540.893799;1;-80;-459;0.0;19;0.0;0.0;0.0;0.0;0.0;0.0;0.0;0.0;0.0;0.0;0.0;0.0;0.0;0.0;6.6;939276;2148184;53;6.0;23;20;20;30;20;18;24;24;30;34;20;22;26;14;50;26;16
104752;0;3350;6;-59;59;2538.306152;1;-74;-877;0.0;18;0.0;0.0;0.0;0.0;0.0;0.0;0.0;0.0;0.0;0.0;0.0;0.0;0.0;0.0;6.6;939276;2148184;53;5.9;23;18;18;20;32;16;24;22;30;34;20;22;26;16;44;24;18
105251;0;3350;6;-59;59;2538.335938;1;-74;-877;0.0;19;0.0;0.0;0.0;0.0;0.0;0.0;0.0;0.0;0.0;0.0;0.0;0.0;0.0;0.0;6.6;939276;2148184;53;6.2;23;20;20;28;26;18;24;26;32;32;18;22;26;18;44;26;14
105750;0;3350;6;-58;58;2539.510742;1;-74;-877;0.0;19;0.0;0.0;0.0;0.0;0.0;0.0;0.0;0.0;0.0;0.0;0.0;0.0;0.0;0.0;6.6;939276;2148184;53;5.9;23;20;18;30;24;20;26;24;30;32;20;20;26;18;34;24;18
106249;0;3350;6;-58;58;2543.687012;1;-79;-627;0.0;19;0.0;0.0;0.0;0.0;0.0;0.0;0.0;0.0;0.0;0.0;0.0;0.0;0.0;0.0;6.6;939276;2148184;53;6.1;23;18;18;32;30;20;26;26;30;34;20;22;26;16;38;24;16
106748;0;3350;6;-58;58;2541.077393;1;-79;-627;0.0;19;0.0;0.0;0.0;0.0;0.0;0.0;0.0;0.0;0.0;0.0;0.0;0.0;0.0;0.0;6.6;939276;2148184;53;5.9;23;20;20;30;30;20;26;26;30;34;18;18;24;18;36;24;14
107247;0;3350;6;-59;59;2537.620117;1;-80;-523;0.0;19;0.0;0.0;0.0;0.0;0.0;0.0;0.0;0.0;0.0;0.0;0.0;0.0;0.0;0.0;6.6;939276;2148184;53;6.0;23;22;20;24;32;30;24;24;32;34;20;20;26;14;36;22;14
107746;0;3350;6;-58;58;2540.713135;1;-81;-550;0.0;19;0.0;0.0;0.0;0.0;0.0;0.0;0.0;0.0;0.0;0.0;0.0;0.0;0.0;0.0;6.6;939276;2148184;53;5.9;23;20;20;24;28;28;26;24;30;24;16;22;26;24;36;24;16
108244;0;3350;6;-58;58;2544.050537;1;-81;-550;0.0;19;0.0;0.0;0.0;0.0;0.0;0.0;0.0;0.0;0.0;0.0;0.0;0.0;0.0;0.0;6.6;939276;2148184;53;6.0;23;22;20;26;28;26;28;24;30;20;9.8;20;26;34;34;26;14
108743;0;3350;6;-59;59;2542.050049;1;-81;-550;0.0;19;0.0;0.0;0.0;0.0;0.0;0.0;0.0;0.0;0.0;0.0;0.0;0.0;0.0;0.0;6.6;939276;2148184;53;5.8;23;20;20;20;32;22;24;22;30;22;18;24;26;34;34;24;16
109241;0;3350;6;-59;59;2540.536377;1;-80;-629;0.0;19;0.0;0.0;0.0;0.0;0.0;0.0;0.0;0.0;0.0;0.0;0.0;0.0;0.0;0.0;6.6;939276;2148184;53;6.1;23;18;18;22;28;28;24;24;32;24;28;22;24;22;36;26;16
109740;0;3350;6;-59;59;2536.705566;1;-80;-629;0.0;19;0.0;0.0;0.0;0.0;0.0;0.0;0.0;0.0;0.0;0.0;0.0;0.0;0.0;0.0;6.6;939276;2148184;53;5.8;23;18;20;20;30;24;24;22;30;22;34;20;26;20;36;24;14
110239;0;3350;6;-59;59;2535.975098;1;-80;-629;0.0;19;0.0;0.0;0.0;0.0;0.0;0.0;0.0;0.0;0.0;0.0;0.0;0.0;0.0;0.0;6.6;939276;2148184;53;6.1;23;20;18;20;32;26;24;22;30;24;32;24;28;18;36;24;16
110738;0;3350;6;-58;58;2534.469727;1;-80;-629;0.0;19;0.0;0.0;0.0;0.0;0.0;0.0;0.0;0.0;0.0;0.0;0.0;0.0;0.0;0.0;6.6;939276;2148184;53;5.8;23;18;20;20;30;26;26;24;30;22;32;22;24;16;36;24;16
111237;0;3350;6;-59;59;2538.794434;1;-80;-739;0.0;19;0.0;0.0;0.0;0.0;0.0;0.0;0.0;0.0;0.0;0.0;0.0;0.0;0.0;0.0;6.6;939276;2148184;53;6.0;23;20;18;22;30;30;24;24;30;26;34;22;28;18;40;26;16
111736;0;3350;6;-59;59;2540.007324;1;-80;-739;0.0;19;0.0;0.0;0.0;0.0;0.0;0.0;0.0;0.0;0.0;0.0;0.0;0.0;0.0;0.0;6.6;939276;2148184;53;5.8;23;18;26;18;22;22;24;22;30;24;32;24;26;18;36;24;14
112235;0;3350;6;-59;59;2539.950439;1;-80;-739;0.0;19;0.0;0.0;0.0;0.0;0.0;0.0;0.0;0.0;0.0;0.0;0.0;0.0;0.0;0.0;6.6;939276;2148184;53;6.1;23;20;30;20;16;28;24;22;30;26;34;22;26;22;36;24;16
112734;0;3350;6;-59;59;2538.965332;1;-80;-739;0.0;19;0.0;0.0;0.0;0.0;0.0;0.0;0.0;0.0;0.0;0.0;0.0;0.0;0.0;0.0;6.6;939276;2148184;53;5.8;23;24;32;22;18;26;26;26;30;22;32;20;24;16;36;22;16
113233;0;3350;6;-59;59;2533.779785;1;-80;-459;0.0;19;0.0;0.0;0.0;0.0;0.0;0.0;0.0;0.0;0.0;0.0;0.0;0.0;0.0;0.0;6.6;939276;2148184;53;5.9;23;20;30;28;16;22;24;24;30;22;28;20;26;22;34;26;16
113732;0;3350;6;-58;58;2532.004883;1;-80;-573;0.0;19;0.0;0.0;0.0;0.0;0.0;0.0;0.0;0.0;0.0;0.0;0.0;0.0;0.0;0.0;6.6;939276;2148184;53;5.9;23;18;30;26;18;20;24;26;30;16;20;22;26;32;36;26;16
114231;0;3350;6;-59;59;2535.078857;1;-80;-573;0.0;19;0.0;0.0;0.0;0.0;0.0;0.0;0.0;0.0;0.0;0.0;0.0;0.0;0.0;0.0;6.6;939276;2148184;53;6.0;23;20;30;30;16;18;24;26;30;16;18;20;24;32;44;22;18
114730;0;3350;6;-59;59;2540.225830;1;-80;-573;0.0;19;0.0;0.0;0.0;0.0;0.0;0.0;0.0;0.0;0.0;0.0;0.0;0.0;0.0;0.0;6.6;939276;2148184;53;5.6;23;18;30;20;24;16;26;20;30;18;18;24;28;32;36;24;16
115229;0;3350;6;-59;59;2537.285645;1;-80;-573;0.0;19;0.0;0.0;0.0;0.0;0.0;0.0;0.0;0.0;0.0;0.0;0.0;0.0;0.0;0.0;6.6;939276;2148184;53;6.0;23;22;30;20;26;18;28;24;30;20;20;22;28;32;36;24;16
115728;0;3350;6;-59;59;2540.689697;1;-80;-573;0.0;19;0.0;0.0;0.0;0.0;0.0;0.0;0.0;0.0;0.0;0.0;0.0;0.0;0.0;0.0;6.6;939276;2148184;53;5.9;23;22;28;22;28;18;26;24;30;16;18;18;26;32;34;22;14
116227;0;3350;6;-59;59;2537.096680;1;-80;-621;0.0;19;0.0;0.0;0.0;0.0;0.0;0.0;0.0;0.0;0.0;0.0;0.0;0.0;0.0;0.0;6.6;939276;2148184;53;5.9;23;24;24;24;26;20;28;24;32;20;20;18;24;32;34;24;14
116726;0;3350;6;-59;59;2536.904053;1;-80;-621;0.0;19;0.0;0.0;0.0;0.0;0.0;0.0;0.0;0.0;0.0;0.0;0.0;0.0;0.0;0.0;6.6;939276;2148184;53;5.9;23;20;32;18;26;16;26;22;30;18;20;26;28;32;40;24;16
117225;0;3350;6;-59;59;2538.605713;1;-80;-621;0.0;19;0.0;0.0;0.0;0.0;0.0;0.0;0.0;0.0;0.0;0.0;0.0;0.0;0.0;0.0;6.6;939276;2148184;53;6.0;23;18;30;18;28;16;28;20;28;20;20;22;26;34;36;24;16
117723;0;3350;6;-59;59;2539.030029;1;-80;-672;0.0;19;0.0;0.0;0.0;0.0;0.0;0.0;0.0;0.0;0.0;0.0;0.0;0.0;0.0;0.0;6.6;939276;2148184;53;5.8;23;22;30;18;24;16;24;22;30;20;18;22;24;34;36;26;16
118222;0;3350;6;-59;59;2539.289795;1;-80;-672;0.0;19;0.0;0.0;0.0;0.0;0.0;0.0;0.0;0.0;0.0;0.0;0.0;0.0;0.0;0.0;6.6;939276;2148184;54;5.9;23;22;30;22;30;20;26;26;32;20;20;18;26;32;34;24;16
118721;0;3350;6;-59;59;2538.349854;1;-80;-672;0.0;20;0.0;0.0;0.0;0.0;0.0;0.0;0.0;0.0;0.0;0.0;0.0;0.0;0.0;0.0;6.6;939276;2148184;53;5.8;23;24;32;22;20;20;30;24;30;18;18;18;24;30;34;20;14
119220;0;3350;6;-59;59;2539.287109;1;-80;-591;0.0;19;0.0;0.0;0.0;0.0;0.0;0.0;0.0;0.0;0.0;0.0;0.0;0.0;0.0;0.0;6.6;939276;2148184;54;6.1;23;22;30;24;20;14;28;24;30;18;18;22;26;32;38;26;16
119718;0;3350;6;-59;59;2535.672607;1;-74;-866;0.0;19;0.0;0.0;0.0;0.0;0.0;0.0;0.0;0.0;0.0;0.0;0.0;0.0;0.0;0.0;6.6;939276;2148184;54;5.8;23;22;24;32;18;12;24;24;30;20;20;24;26;34;34;26;16
120216;0;3350;6;-59;59;2535.214844;1;-71;-874;0.0;19;0.0;0.0;0.0;0.0;0.0;0.0;0.0;0.0;0.0;0.0;0.0;0.0;0.0;0.0;6.6;939276;2148184;54;6.0;23;22;28;30;18;24;26;24;30;18;18;22;26;32;36;22;14
120715;0;3350;6;-59;59;2536.868408;1;-75;-657;0.0;19;0.0;0.0;0.0;0.0;0.0;0.0;0.0;0.0;0.0;0.0;0.0;0.0;0.0;0.0;6.6;939276;2148184;54;5.9;23;22;24;26;20;24;26;22;32;18;20;22;24;34;34;24;16
121214;0;3350;6;-59;59;2536.679199;1;-77;-475;0.0;19;0.0;0.0;0.0;0.0;0.0;0.0;0.0;0.0;0.0;0.0;0.0;0.0;0.0;0.0;6.6;939276;2148184;54;6.0;23;24;20;34;18;24;24;24;30;18;18;22;26;34;36;26;16
121713;0;3350;6;-59;59;2534.790283;1;-77;-475;0.0;19;0.0;0.0;0.0;0.0;0.0;0.0;0.0;0.0;0.0;0.0;0.0;0.0;0.0;0.0;6.6;939276;2148184;54;5.9;23;20;18;32;20;26;26;26;30;18;20;20;26;34;34;24;16
122212;0;3350;6;-59;59;2534.523193;1;-77;-475;0.0;19;0.0;0.0;0.0;0.0;0.0;0.0;0.0;0.0;0.0;0.0;0.0;0.0;0.0;0.0;6.6;939276;2148184;54;6.1;23;22;20;32;18;28;24;24;32;20;20;22;26;32;38;24;14
122710;0;3350;6;-59;59;2536.332520;1;-79;-459;0.0;19;0.0;0.0;0.0;0.0;0.0;0.0;0.0;0.0;0.0;0.0;0.0;0.0;0.0;0.0;6.6;939276;2148184;54;5.8;23;18;30;18;18;24;24;24;30;16;18;24;24;32;34;24;18
123208;0;3350;6;-59;59;2535.135010;1;-78;-538;0.0;19;0.0;0.0;0.0;0.0;0.0;0.0;0.0;0.0;0.0;0.0;0.0;0.0;0.0;0.0;6.6;939276;2148184;54;6.0;23;22;30;24;20;30;26;26;30;30;20;20;26;16;36;24;14
123706;0;3350;6;-59;59;2536.772217;1;-78;-538;0.0;19;0.0;0.0;0.0;0.0;0.0;0.0;0.0;0.0;0.0;0.0;0.0;0.0;0.0;0.0;6.6;939276;2148184;54;5.9;23;24;30;20;20;22;24;24;30;34;20;18;26;18;36;24;16
124205;0;3350;6;-59;59;2539.283447;1;-79;-541;0.0;19;0.0;0.0;0.0;0.0;0.0;0.0;0.0;0.0;0.0;0.0;0.0;0.0;0.0;0.0;6.6;939276;2148184;54;6.0;23;26;30;26;18;14;24;24;30;34;18;22;26;24;38;26;16
124704;0;3350;6;-59;59;2536.041504;1;-79;-539;0.0;20;0.0;0.0;0.0;0.0;0.0;0.0;0.0;0.0;0.0;0.0;0.0;0.0;0.0;0.0;6.6;939276;2148184;54;5.6;23;22;32;30;18;20;30;24;30;32;20;20;24;20;32;22;16
125202;0;3350;6;-59;59;2535.652344;1;-79;-539;0.0;20;0.0;0.0;0.0;0.0;0.0;0.0;0.0;0.0;0.0;0.0;0.0;0.0;0.0;0.0;6.6;939276;2148184;54;6.1;23;24;30;28;18;18;24;24;30;32;18;24;26;18;32;24;16
125700;0;3350;6;-59;59;2537.734863;1;-80;-654;0.0;20;0.0;0.0;0.0;0.0;0.0;0.0;0.0;0.0;0.0;0.0;0.0;0.0;0.0;0.0;6.6;939276;2148184;54;5.6;23;30;32;28;18;20;28;26;32;32;20;18;24;14;32;22;14
126199;0;3350;6;-59;59;2534.269531;1;-80;-654;0.0;20;0.0;0.0;0.0;0.0;0.0;0.0;0.0;0.0;0.0;0.0;0.0;0.0;0.0;0.0;6.6;939276;2148184;54;6.0;23;20;30;20;30;18;26;26;30;32;18;22;26;18;34;24;16
126698;0;3350;6;-59;59;2536.324951;1;-80;-654;0.0;20;0.0;0.0;0.0;0.0;0.0;0.0;0.0;0.0;0.0;0.0;0.0;0.0;0.0;0.0;6.6;939276;2148184;54;5.8;23;20;32;22;24;20;24;26;30;34;20;20;26;18;32;22;16
127197;0;3350;6;-59;59;2535.949707;1;-80;-654;0.0;20;0.0;0.0;0.0;0.0;0.0;0.0;0.0;0.0;0.0;0.0;0.0;0.0;0.0;0.0;6.6;939276;2148184;54;6.0;23;22;32;22;28;22;26;24;30;34;20;18;26;14;38;24;16
127696;0;3350;6;-59;59;2534.160400;1;-80;-709;0.0;20;0.0;0.0;0.0;0.0;0.0;0.0;0.0;0.0;0.0;0.0;0.0;0.0;0.0;0.0;6.6;939276;2148184;54;5.8;23;20;30;24;20;18;24;24;30;32;20;22;26;16;40;24;14
128195;0;3350;6;-59;59;2538.250977;1;-80;-709;0.0;20;0.0;0.0;0.0;0.0;0.0;0.0;0.0;0.0;0.0;0.0;0.0;0.0;0.0;0.0;6.6;939276;2148184;54;6.0;23;20;30;26;16;18;26;24;30;28;22;24;26;16;38;22;20
128693;0;3350;6;-59;59;2539.708008;1;-80;-636;0.0;20;0.0;0.0;0.0;0.0;0.0;0.0;0.0;0.0;0.0;0.0;0.0;0.0;0.0;0.0;6.6;939276;2148184;54;5.8;23;18;24;28;22;14;26;20;30;26;24;24;26;22;38;30;14
129192;0;3350;6;-59;59;2540.964111;1;-80;-534;0.0;20;0.0;0.0;0.0;0.0;0.0;0.0;0.0;0.0;0.0;0.0;0.0;0.0;0.0;0.0;6.6;939276;2148184;54;6.1;23;20;18;30;30;24;26;24;30;22;20;20;24;18;36;32;16
129691;0;3350;6;-59;59;2537.556152;1;-80;-534;0.0;20;0.0;0.0;0.0;0.0;0.0;0.0;0.0;0.0;0.0;0.0;0.0;0.0;0.0;0.0;6.6;939276;2148184;54;5.8;23;20;20;30;22;26;24;24;30;22;22;18;26;20;34;32;18
130189;0;3350;6;-59;59;2531.892578;1;-80;-679;0.0;20;0.0;0.0;0.0;0.0;0.0;0.0;0.0;0.0;0.0;0.0;0.0;0.0;0.0;0.0;6.6;939276;2148184;54;5.9;23;20;32;20;18;26;24;20;30;22;22;24;26;20;36;34;18
130687;0;3350;6;-59;59;2533.489746;1;-80;-679;0.0;20;0.0;0.0;0.0;0.0;0.0;0.0;0.0;0.0;0.0;0.0;0.0;0.0;0.0;0.0;6.6;939276;2148184;54;5.9;23;18;30;22;18;20;26;20;30;26;24;22;26;20;38;34;16
131186;0;3350;6;-59;59;2538.644775;1;-80;-691;0.0;20;0.0;0.0;0.0;0.0;0.0;0.0;0.0;0.0;0.0;0.0;0.0;0.0;0.0;0.0;6.6;939276;2148184;54;6.0;23;22;32;32;18;16;24;24;30;24;22;20;26;18;40;32;16
131684;0;3350;6;-59;59;2537.778809;1;-80;-617;0.0;20;0.0;0.0;0.0;0.0;0.0;0.0;0.0;0.0;0.0;0.0;0.0;0.0;0.0;0.0;6.6;939276;2148184;54;5.6;23;20;30;20;28;16;32;20;30;24;20;18;26;30;36;22;16
132182;0;3350;6;-59;59;2533.748291;1;-70;-865;0.0;18;0.0;0.0;0.0;0.0;0.0;0.0;0.0;0.0;0.0;0.0;0.0;0.0;0.0;0.0;6.6;939276;2148184;54;6.1;23;20;32;20;30;18;26;24;30;24;20;18;24;34;36;18;14
132680;0;3350;6;-59;59;2535.602783;1;-70;-865;0.0;19;0.0;0.0;0.0;0.0;0.0;0.0;0.0;0.0;0.0;0.0;0.0;0.0;0.0;0.0;6.6;939276;2148184;54;5.6;23;20;30;22;20;18;34;22;30;22;18;22;26;30;36;16;18
133178;0;3350;6;-59;59;2537.320557;1;-70;-865;0.0;20;0.0;0.0;0.0;0.0;0.0;0.0;0.0;0.0;0.0;0.0;0.0;0.0;0.0;0.0;6.6;939276;2148184;54;6.0;23;20;30;22;18;16;36;20;30;26;20;24;26;34;38;22;20
133676;0;3350;6;-59;59;2536.688232;1;-70;-865;0.0;20;0.0;0.0;0.0;0.0;0.0;0.0;0.0;0.0;0.0;0.0;0.0;0.0;0.0;0.0;6.6;939276;2148184;54;5.6;23;22;32;20;18;16;32;18;30;22;18;18;26;32;38;20;16
134174;0;3350;6;-59;59;2537.458496;1;-70;-865;0.0;20;0.0;0.0;0.0;0.0;0.0;0.0;0.0;0.0;0.0;0.0;0.0;0.0;0.0;0.0;6.6;939276;2148184;54;6.0;23;24;24;26;20;24;32;24;28;24;20;22;26;34;38;18;18
134672;0;3350;6;-59;59;2539.408447;1;-70;-865;0.0;20;0.0;0.0;0.0;0.0;0.0;0.0;0.0;0.0;0.0;0.0;0.0;0.0;0.0;0.0;6.6;939276;2148184;54;5.8;23;28;18;32;18;16;24;20;30;26;22;22;26;32;38;18;16
135170;0;3350;6;-59;59;2534.824951;1;-75;-574;0.0;20;0.0;0.0;0.0;0.0;0.0;0.0;0.0;0.0;0.0;0.0;0.0;0.0;0.0;0.0;6.6;939276;2148184;54;6.1;23;30;18;32;20;16;24;24;30;24;20;20;26;34;36;20;18
135668;0;3350;6;-59;59;2533.560547;1;-78;-500;0.0;20;0.0;0.0;0.0;0.0;0.0;0.0;0.0;0.0;0.0;0.0;0.0;0.0;0.0;0.0;6.6;939276;2148184;54;5.8;23;22;12;32;18;16;30;30;30;24;20;22;26;32;36;18;16
136167;0;3350;6;-59;59;2534.740479;1;-74;-830;0.0;20;0.0;0.0;0.0;0.0;0.0;0.0;0.0;0.0;0.0;0.0;0.0;0.0;0.0;0.0;6.6;939276;2148184;54;6.0;23;22;30;32;18;16;24;26;28;26;20;22;26;34;38;18;18
136666;0;3350;6;-59;59;2537.779785;1;-74;-830;0.0;20;0.0;0.0;0.0;0.0;0.0;0.0;0.0;0.0;0.0;0.0;0.0;0.0;0.0;0.0;6.6;939276;2148184;54;5.8;23;22;26;32;20;16;24;20;30;26;20;22;26;34;36;18;16
137164;0;3350;6;-59;59;2537.013916;1;-74;-830;0.0;20;0.0;0.0;0.0;0.0;0.0;0.0;0.0;0.0;0.0;0.0;0.0;0.0;0.0;0.0;6.6;939276;2148184;54;6.0;23;26;24;32;18;16;24;22;30;26;20;22;26;32;38;18;18
137662;0;3350;6;-59;59;2537.554443;1;-74;-830;0.0;20;0.0;0.0;0.0;0.0;0.0;0.0;0.0;0.0;0.0;0.0;0.0;0.0;0.0;0.0;6.6;939276;2148184;54;5.8;23;24;24;28;20;14;26;22;28;24;20;24;26;34;36;20;20
138161;0;3350;6;-59;59;2537.503418;1;-74;-830;0.0;21;0.0;0.0;0.0;0.0;0.0;0.0;0.0;0.0;0.0;0.0;0.0;0.0;0.0;0.0;6.6;939276;2148184;54;6.0;23;28;30;22;18;20;26;22;30;28;20;20;26;34;36;16;16
138659;0;3350;6;-59;59;2536.540283;1;-74;-830;0.0;21;0.0;0.0;0.0;0.0;0.0;0.0;0.0;0.0;0.0;0.0;0.0;0.0;0.0;0.0;6.6;939276;2148184;54;5.8;23;26;32;22;18;16;24;28;30;20;22;20;24;34;36;14;16
139158;0;3350;6;-59;59;2535.506348;1;-74;-830;0.0;21;0.0;0.0;0.0;0.0;0.0;0.0;0.0;0.0;0.0;0.0;0.0;0.0;0.0;0.0;6.6;939276;2148184;54;6.0;23;18;30;22;20;28;24;24;30;22;24;20;26;32;36;18;18
139657;0;3350;6;-59;59;2535.224609;1;-74;-830;0.0;21;0.0;0.0;0.0;0.0;0.0;0.0;0.0;0.0;0.0;0.0;0.0;0.0;0.0;0.0;6.6;939276;2148184;54;5.9;23;22;30;20;18;22;24;26;30;24;22;22;26;34;34;16;16
140156;0;3350;6;-59;59;2536.494141;1;-73;-834;0.0;21;0.0;0.0;0.0;0.0;0.0;0.0;0.0;0.0;0.0;0.0;0.0;0.0;0.0;0.0;6.6;939276;2148184;54;6.0;23;18;32;20;18;24;24;20;30;22;24;22;26;34;36;18;20
140654;0;3350;6;-59;59;2533.164551;1;-77;-660;0.0;20;0.0;0.0;0.0;0.0;0.0;0.0;0.0;0.0;0.0;0.0;0.0;0.0;0.0;0.0;6.6;939276;2148184;54;5.6;23;22;24;30;18;22;24;22;30;22;22;20;26;34;38;18;16
141152;0;3350;6;-59;59;2535.948975;1;-79;-547;0.0;21;0.0;0.0;0.0;0.0;0.0;0.0;0.0;0.0;0.0;0.0;0.0;0.0;0.0;0.0;6.6;939276;2148184;54;6.3;23;24;20;30;20;24;26;24;30;24;22;26;26;32;38;18;16
141651;0;3350;6;-59;59;2532.830322;1;-80;-568;0.0;21;0.0;0.0;0.0;0.0;0.0;0.0;0.0;0.0;0.0;0.0;0.0;0.0;0.0;0.0;6.6;939276;2148184;54;5.6;23;20;18;32;18;26;24;22;30;22;22;20;26;32;36;16;18
142150;0;3350;6;-58;58;2536.989258;1;-80;-568;0.0;21;0.0;0.0;0.0;0.0;0.0;0.0;0.0;0.0;0.0;0.0;0.0;0.0;0.0;0.0;6.6;939276;2148184;54;6.0;23;16;18;32;18;26;24;22;30;24;22;24;26;34;38;18;18
142648;0;3350;6;-58;58;2535.537354;1;-80;-568;0.0;21;0.0;0.0;0.0;0.0;0.0;0.0;0.0;0.0;0.0;0.0;0.0;0.0;0.0;0.0;6.6;939276;2148184;54;5.8;23;20;20;32;20;24;24;24;30;24;18;20;26;32;36;20;18
143147;0;3350;6;-60;60;2534.466797;1;-80;-568;0.0;20;0.0;0.0;0.0;0.0;0.0;0.0;0.0;0.0;0.0;0.0;0.0;0.0;0.0;0.0;6.6;939276;2148184;54;6.1;23;22;12;30;18;28;30;20;30;26;22;24;28;32;38;20;18
143645;0;3350;6;-59;59;2527.852783;1;-80;-734;0.0;24;0.0;0.0;0.0;0.0;0.0;0.0;0.0;0.0;0.0;0.0;0.0;0.0;0.0;0.0;6.6;939276;2148184;54;5.6;23;16;18;34;20;20;24;20;30;26;20;24;26;30;38;18;16
144144;0;3350;6;-59;59;2533.352783;1;-80;-734;0.0;24;0.0;0.0;0.0;0.0;0.0;0.0;0.0;0.0;0.0;0.0;0.0;0.0;0.0;0.0;6.6;939276;2148184;54;6.0;23;16;22;26;18;34;26;20;30;26;20;22;26;34;36;20;20
144642;0;3350;6;-59;59;2535.948975;1;-80;-734;0.0;24;0.0;0.0;0.0;0.0;0.0;0.0;0.0;0.0;0.0;0.0;0.0;0.0;0.0;0.0;6.6;939276;2148184;54;5.8;23;18;32;24;22;20;24;20;30;26;20;24;26;30;34;18;20
145141;0;3350;6;-59;59;2534.897461;1;-81;-686;0.0;24;0.0;0.0;0.0;0.0;0.0;0.0;0.0;0.0;0.0;0.0;0.0;0.0;0.0;0.0;6.6;939276;2148184;54;5.9;23;18;32;20;30;16;26;20;30;32;18;22;26;24;38;18;16
145640;0;3350;6;-59;59;2533.954102;1;-82;-736;0.0;24;0.0;0.0;0.0;0.0;0.0;0.0;0.0;0.0;0.0;0.0;0.0;0.0;0.0;0.0;6.6;939276;2148184;54;5.9;23;18;32;24;20;22;26;20;30;34;20;20;24;26;36;20;18
146139;0;3350;6;-59;59;2531.788818;1;-82;-785;0.0;23;0.0;0.0;0.0;0.0;0.0;0.0;0.0;0.0;0.0;0.0;0.0;0.0;0.0;0.0;6.6;939276;2148184;54;6.0;23;16;32;28;16;20;24;22;30;32;18;26;26;24;36;18;18
146638;0;3350;6;-59;59;2532.028564;1;-82;-848;0.0;23;0.0;0.0;0.0;0.0;0.0;0.0;0.0;0.0;0.0;0.0;0.0;0.0;0.0;0.0;6.6;939276;2148184;54;5.8;23;16;24;22;26;20;30;20;30;32;22;22;26;26;38;18;18
147137;0;3350;6;-59;59;2533.243896;1;-82;-848;0.0;24;0.0;0.0;0.0;0.0;0.0;0.0;0.0;0.0;0.0;0.0;0.0;0.0;0.0;0.0;6.6;939276;2148184;54;6.2;23;18;20;34;32;18;26;22;30;34;18;20;26;26;36;16;14
147635;0;3350;6;-59;59;2534.972900;1;-82;-831;0.0;24;0.0;0.0;0.0;0.0;0.0;0.0;0.0;0.0;0.0;0.0;0.0;0.0;0.0;0.0;6.6;939276;2148184;54;5.8;23;18;28;30;20;22;26;22;30;32;20;20;24;24;36;16;18
148133;0;3350;6;-59;59;2536.790039;1;-81;-832;0.0;24;0.0;0.0;0.0;0.0;0.0;0.0;0.0;0.0;0.0;0.0;0.0;0.0;0.0;0.0;6.6;939276;2148184;54;6.1;23;16;16;28;32;18;26;20;30;32;18;20;26;26;36;20;22
148631;0;3350;6;-60;60;2534.878906;1;-81;-794;0.0;23;0.0;0.0;0.0;0.0;0.0;0.0;0.0;0.0;0.0;0.0;0.0;0.0;0.0;0.0;6.6;939276;2148184;54;5.8;23;16;20;24;34;16;24;20;30;34;20;24;26;24;36;16;24
149130;0;3350;6;-62;62;2545.421875;1;-81;-878;0.0;20;0.0;0.0;0.0;0.0;0.0;0.0;0.0;0.0;0.0;0.0;1.0;0.0;0.0;0.0;6.6;939276;2148184;54;6.2;23;16;18;20;32;18;26;20;32;30;20;24;26;24;38;22;30
149628;0;3350;6;-59;59;2538.145996;1;-82;-787;0.0;23;0.0;0.0;0.0;0.0;0.0;0.0;0.0;0.0;0.0;0.0;0.0;0.0;0.0;0.0;6.6;939276;2148184;54;5.8;23;20;20;24;34;18;28;24;30;28;20;22;26;20;36;32;20
150126;0;3350;6;-59;59;2530.996582;1;-79;-757;0.0;22;0.0;0.0;0.0;0.0;0.0;0.0;0.0;0.0;0.0;0.0;0.0;0.0;0.0;0.0;6.6;939276;2148184;54;6.1;23;14;20;20;32;18;24;22;30;36;20;22;26;18;38;32;18
150624;0;3350;6;-58;58;2530.495850;1;-79;-757;0.0;23;0.0;0.0;0.0;0.0;0.0;0.0;0.0;0.0;0.0;0.0;0.0;0.0;0.0;0.0;6.6;939276;2148184;54;5.8;23;18;18;24;34;18;26;20;30;30;22;22;26;20;36;34;24
151122;0;3350;6;-59;59;2535.528564;1;-79;-757;0.0;23;0.0;0.0;0.0;0.0;0.0;0.0;0.0;0.0;0.0;0.0;0.0;0.0;0.0;0.0;6.6;939276;2148184;54;6.1;23;22;20;24;34;20;26;28;30;24;18;32;26;18;40;32;20
151621;0;3350;6;-60;60;2537.621582;1;-80;-830;0.0;22;0.0;0.0;0.0;0.0;0.0;0.0;0.0;0.0;0.0;0.0;0.0;0.0;0.0;0.0;6.6;939276;2148184;54;5.9;23;18;24;22;24;16;26;22;32;24;20;28;26;20;36;32;16
152119;0;3350;6;-60;60;2533.280518;1;-81;-845;0.0;22;0.0;0.0;0.0;0.0;0.0;0.0;0.0;0.0;0.0;0.0;0.0;0.0;0.0;0.0;6.6;939276;2148184;54;6.0;23;20;32;20;18;18;24;22;30;26;20;30;24;20;36;32;16
152618;0;3350;6;-59;59;2530.742920;1;-82;-829;0.0;24;0.0;0.0;0.0;0.0;0.0;0.0;0.0;0.0;0.0;0.0;0.0;0.0;0.0;0.0;6.6;939276;2148184;54;5.8;23;18;32;20;18;14;24;18;30;26;18;24;26;20;40;36;18
153116;0;3350;6;-59;59;2531.726562;1;-82;-829;0.0;24;0.0;0.0;0.0;0.0;0.0;0.0;0.0;0.0;0.0;0.0;0.0;0.0;0.0;0.0;6.6;939276;2148184;54;6.1;23;18;32;22;20;20;28;22;30;24;20;20;26;18;38;38;16
153614;0;3350;6;-60;60;2534.077393;1;-82;-854;0.0;24;0.0;0.0;0.0;0.0;0.0;0.0;0.0;0.0;0.0;0.0;0.0;0.0;0.0;0.0;6.6;939276;2148184;54;5.9;23;20;32;22;20;16;24;22;30;30;22;26;28;28;40;38;20
154112;0;3350;6;-59;59;2533.563232;1;-82;-853;0.0;24;0.0;0.0;0.0;0.0;0.0;0.0;0.0;0.0;0.0;0.0;0.0;0.0;0.0;0.0;6.6;939276;2148184;54;6.0;23;22;26;26;18;26;24;20;30;28;22;24;26;20;38;34;20
154610;0;3350;6;-60;60;2532.883789;1;-82;-853;0.0;23;0.0;0.0;0.0;0.0;0.0;0.0;0.0;0.0;0.0;0.0;0.0;0.0;0.0;0.0;6.6;939276;2148184;54;5.8;23;20;18;32;20;20;26;20;30;26;20;24;26;20;38;34;16
155108;0;3350;6;-60;60;2532.521729;1;-82;-804;0.0;23;0.0;0.0;0.0;0.0;0.0;0.0;0.0;0.0;0.0;0.0;0.0;0.0;0.0;0.0;6.6;939276;2148184;54;5.9;23;22;18;32;20;18;24;20;30;28;22;26;28;18;36;36;18
155606;0;3350;6;-59;59;2533.502197;1;-82;-779;0.0;23;0.0;0.0;0.0;0.0;0.0;0.0;0.0;0.0;0.0;0.0;0.0;0.0;0.0;0.0;6.6;939276;2148184;54;5.9;23;18;18;34;18;24;24;22;30;26;22;22;26;20;36;34;16
156104;0;3350;6;-59;59;2535.305908;1;-78;-838;0.0;22;0.0;0.0;0.0;0.0;0.0;0.0;0.0;0.0;0.0;0.0;0.0;0.0;0.0;0.0;6.6;939276;2148184;54;6.0;23;14;16;32;18;20;30;18;30;26;20;24;28;22;36;34;16
156602;0;3350;6;-59;59;2533.471680;1;-80;-770;0.0;23;0.0;0.0;0.0;0.0;0.0;0.0;0.0;0.0;0.0;0.0;0.0;0.0;0.0;0.0;6.6;939276;2148184;54;5.6;23;16;18;32;20;20;24;20;28;28;22;24;26;18;38;34;20
157100;0;3350;6;-59;59;2532.040039;1;-80;-812;0.0;23;0.0;0.0;0.0;0.0;0.0;0.0;0.0;0.0;0.0;0.0;0.0;0.0;0.0;0.0;6.6;939408;2148184;54;6.0;22;16;18;30;18;24;28;18;30;28;22;26;26;20;38;34;18
157598;0;3350;6;-59;59;2532.344727;1;-81;-809;0.0;23;0.0;0.0;0.0;0.0;0.0;0.0;0.0;0.0;0.0;0.0;0.0;0.0;0.0;0.0;6.6;939408;2148184;54;5.9;22;20;28;28;20;22;26;24;30;30;24;26;28;22;40;36;18
#eof
